USE [master]
GO
/****** Object:  Database [BaseballDB-dev]    Script Date: 11/13/2017 12:07:51 AM ******/
CREATE DATABASE [BaseballDB-dev]
GO
IF (1 = FULLTEXTSERVICEPROPERTY('IsFullTextInstalled'))
begin
EXEC [BaseballDB-dev].[dbo].[sp_fulltext_database] @action = 'enable'
end
GO
ALTER DATABASE [BaseballDB-dev] SET ANSI_NULL_DEFAULT OFF 
GO
ALTER DATABASE [BaseballDB-dev] SET ANSI_NULLS OFF 
GO
ALTER DATABASE [BaseballDB-dev] SET ANSI_PADDING OFF 
GO
ALTER DATABASE [BaseballDB-dev] SET ANSI_WARNINGS OFF 
GO
ALTER DATABASE [BaseballDB-dev] SET ARITHABORT OFF 
GO
ALTER DATABASE [BaseballDB-dev] SET AUTO_CLOSE OFF 
GO
ALTER DATABASE [BaseballDB-dev] SET AUTO_SHRINK OFF 
GO
ALTER DATABASE [BaseballDB-dev] SET AUTO_UPDATE_STATISTICS ON 
GO
ALTER DATABASE [BaseballDB-dev] SET CURSOR_CLOSE_ON_COMMIT OFF 
GO
ALTER DATABASE [BaseballDB-dev] SET CURSOR_DEFAULT  GLOBAL 
GO
ALTER DATABASE [BaseballDB-dev] SET CONCAT_NULL_YIELDS_NULL OFF 
GO
ALTER DATABASE [BaseballDB-dev] SET NUMERIC_ROUNDABORT OFF 
GO
ALTER DATABASE [BaseballDB-dev] SET QUOTED_IDENTIFIER OFF 
GO
ALTER DATABASE [BaseballDB-dev] SET RECURSIVE_TRIGGERS OFF 
GO
ALTER DATABASE [BaseballDB-dev] SET  DISABLE_BROKER 
GO
ALTER DATABASE [BaseballDB-dev] SET AUTO_UPDATE_STATISTICS_ASYNC OFF 
GO
ALTER DATABASE [BaseballDB-dev] SET DATE_CORRELATION_OPTIMIZATION OFF 
GO
ALTER DATABASE [BaseballDB-dev] SET TRUSTWORTHY OFF 
GO
ALTER DATABASE [BaseballDB-dev] SET ALLOW_SNAPSHOT_ISOLATION OFF 
GO
ALTER DATABASE [BaseballDB-dev] SET PARAMETERIZATION SIMPLE 
GO
ALTER DATABASE [BaseballDB-dev] SET READ_COMMITTED_SNAPSHOT ON 
GO
ALTER DATABASE [BaseballDB-dev] SET HONOR_BROKER_PRIORITY OFF 
GO
ALTER DATABASE [BaseballDB-dev] SET RECOVERY SIMPLE 
GO
ALTER DATABASE [BaseballDB-dev] SET  MULTI_USER 
GO
ALTER DATABASE [BaseballDB-dev] SET PAGE_VERIFY CHECKSUM  
GO
ALTER DATABASE [BaseballDB-dev] SET DB_CHAINING OFF 
GO
ALTER DATABASE [BaseballDB-dev] SET FILESTREAM( NON_TRANSACTED_ACCESS = OFF ) 
GO
ALTER DATABASE [BaseballDB-dev] SET TARGET_RECOVERY_TIME = 60 SECONDS 
GO
ALTER DATABASE [BaseballDB-dev] SET DELAYED_DURABILITY = DISABLED 
GO
EXEC sys.sp_db_vardecimal_storage_format N'BaseballDB-dev', N'ON'
GO
USE [BaseballDB-dev]
GO
/****** Object:  Table [dbo].[__MigrationHistory]    Script Date: 11/13/2017 12:07:51 AM ******/
SET ANSI_NULLS ON
GO
SET QUOTED_IDENTIFIER ON
GO
CREATE TABLE [dbo].[__MigrationHistory](
	[MigrationId] [nvarchar](150) NOT NULL,
	[ContextKey] [nvarchar](300) NOT NULL,
	[Model] [varbinary](max) NOT NULL,
	[ProductVersion] [nvarchar](32) NOT NULL,
 CONSTRAINT [PK_dbo.__MigrationHistory] PRIMARY KEY CLUSTERED 
(
	[MigrationId] ASC,
	[ContextKey] ASC
)WITH (PAD_INDEX = OFF, STATISTICS_NORECOMPUTE = OFF, IGNORE_DUP_KEY = OFF, ALLOW_ROW_LOCKS = ON, ALLOW_PAGE_LOCKS = ON) ON [PRIMARY]
) ON [PRIMARY] TEXTIMAGE_ON [PRIMARY]
GO
/****** Object:  Table [dbo].[Achievement]    Script Date: 11/13/2017 12:07:51 AM ******/
SET ANSI_NULLS ON
GO
SET QUOTED_IDENTIFIER ON
GO
CREATE TABLE [dbo].[Achievement](
	[Id] [int] IDENTITY(1,1) NOT NULL,
	[TeamId] [int] NOT NULL,
	[Name] [nvarchar](50) NOT NULL,
	[Image] [nvarchar](50) NOT NULL,
 CONSTRAINT [PK_dbo.Achievement] PRIMARY KEY CLUSTERED 
(
	[Id] ASC
)WITH (PAD_INDEX = OFF, STATISTICS_NORECOMPUTE = OFF, IGNORE_DUP_KEY = OFF, ALLOW_ROW_LOCKS = ON, ALLOW_PAGE_LOCKS = ON) ON [PRIMARY]
) ON [PRIMARY]
GO
/****** Object:  Table [dbo].[AspNetRoles]    Script Date: 11/13/2017 12:07:51 AM ******/
SET ANSI_NULLS ON
GO
SET QUOTED_IDENTIFIER ON
GO
CREATE TABLE [dbo].[AspNetRoles](
	[Id] [nvarchar](128) NOT NULL,
	[Name] [nvarchar](256) NOT NULL,
 CONSTRAINT [PK_dbo.AspNetRoles] PRIMARY KEY CLUSTERED 
(
	[Id] ASC
)WITH (PAD_INDEX = OFF, STATISTICS_NORECOMPUTE = OFF, IGNORE_DUP_KEY = OFF, ALLOW_ROW_LOCKS = ON, ALLOW_PAGE_LOCKS = ON) ON [PRIMARY]
) ON [PRIMARY]
GO
/****** Object:  Table [dbo].[AspNetUserClaims]    Script Date: 11/13/2017 12:07:51 AM ******/
SET ANSI_NULLS ON
GO
SET QUOTED_IDENTIFIER ON
GO
CREATE TABLE [dbo].[AspNetUserClaims](
	[Id] [int] IDENTITY(1,1) NOT NULL,
	[UserId] [nvarchar](128) NOT NULL,
	[ClaimType] [nvarchar](max) NULL,
	[ClaimValue] [nvarchar](max) NULL,
 CONSTRAINT [PK_dbo.AspNetUserClaims] PRIMARY KEY CLUSTERED 
(
	[Id] ASC
)WITH (PAD_INDEX = OFF, STATISTICS_NORECOMPUTE = OFF, IGNORE_DUP_KEY = OFF, ALLOW_ROW_LOCKS = ON, ALLOW_PAGE_LOCKS = ON) ON [PRIMARY]
) ON [PRIMARY] TEXTIMAGE_ON [PRIMARY]
GO
/****** Object:  Table [dbo].[AspNetUserLogins]    Script Date: 11/13/2017 12:07:51 AM ******/
SET ANSI_NULLS ON
GO
SET QUOTED_IDENTIFIER ON
GO
CREATE TABLE [dbo].[AspNetUserLogins](
	[LoginProvider] [nvarchar](128) NOT NULL,
	[ProviderKey] [nvarchar](128) NOT NULL,
	[UserId] [nvarchar](128) NOT NULL,
 CONSTRAINT [PK_dbo.AspNetUserLogins] PRIMARY KEY CLUSTERED 
(
	[LoginProvider] ASC,
	[ProviderKey] ASC,
	[UserId] ASC
)WITH (PAD_INDEX = OFF, STATISTICS_NORECOMPUTE = OFF, IGNORE_DUP_KEY = OFF, ALLOW_ROW_LOCKS = ON, ALLOW_PAGE_LOCKS = ON) ON [PRIMARY]
) ON [PRIMARY]
GO
/****** Object:  Table [dbo].[AspNetUserRoles]    Script Date: 11/13/2017 12:07:51 AM ******/
SET ANSI_NULLS ON
GO
SET QUOTED_IDENTIFIER ON
GO
CREATE TABLE [dbo].[AspNetUserRoles](
	[UserId] [nvarchar](128) NOT NULL,
	[RoleId] [nvarchar](128) NOT NULL,
 CONSTRAINT [PK_dbo.AspNetUserRoles] PRIMARY KEY CLUSTERED 
(
	[UserId] ASC,
	[RoleId] ASC
)WITH (PAD_INDEX = OFF, STATISTICS_NORECOMPUTE = OFF, IGNORE_DUP_KEY = OFF, ALLOW_ROW_LOCKS = ON, ALLOW_PAGE_LOCKS = ON) ON [PRIMARY]
) ON [PRIMARY]
GO
/****** Object:  Table [dbo].[AspNetUsers]    Script Date: 11/13/2017 12:07:51 AM ******/
SET ANSI_NULLS ON
GO
SET QUOTED_IDENTIFIER ON
GO
CREATE TABLE [dbo].[AspNetUsers](
	[Id] [nvarchar](128) NOT NULL,
	[Email] [nvarchar](256) NULL,
	[EmailConfirmed] [bit] NOT NULL,
	[PasswordHash] [nvarchar](max) NULL,
	[SecurityStamp] [nvarchar](max) NULL,
	[PhoneNumber] [nvarchar](max) NULL,
	[PhoneNumberConfirmed] [bit] NOT NULL,
	[TwoFactorEnabled] [bit] NOT NULL,
	[LockoutEndDateUtc] [datetime] NULL,
	[LockoutEnabled] [bit] NOT NULL,
	[AccessFailedCount] [int] NOT NULL,
	[UserName] [nvarchar](256) NOT NULL,
 CONSTRAINT [PK_dbo.AspNetUsers] PRIMARY KEY CLUSTERED 
(
	[Id] ASC
)WITH (PAD_INDEX = OFF, STATISTICS_NORECOMPUTE = OFF, IGNORE_DUP_KEY = OFF, ALLOW_ROW_LOCKS = ON, ALLOW_PAGE_LOCKS = ON) ON [PRIMARY]
) ON [PRIMARY] TEXTIMAGE_ON [PRIMARY]
GO
/****** Object:  Table [dbo].[Category]    Script Date: 11/13/2017 12:07:51 AM ******/
SET ANSI_NULLS ON
GO
SET QUOTED_IDENTIFIER ON
GO
CREATE TABLE [dbo].[Category](
	[Id] [int] IDENTITY(1,1) NOT NULL,
	[Name] [nvarchar](50) NOT NULL,
 CONSTRAINT [PK_dbo.Category] PRIMARY KEY CLUSTERED 
(
	[Id] ASC
)WITH (PAD_INDEX = OFF, STATISTICS_NORECOMPUTE = OFF, IGNORE_DUP_KEY = OFF, ALLOW_ROW_LOCKS = ON, ALLOW_PAGE_LOCKS = ON) ON [PRIMARY]
) ON [PRIMARY]
GO
/****** Object:  Table [dbo].[City]    Script Date: 11/13/2017 12:07:51 AM ******/
SET ANSI_NULLS ON
GO
SET QUOTED_IDENTIFIER ON
GO
CREATE TABLE [dbo].[City](
	[Id] [int] IDENTITY(1,1) NOT NULL,
	[CountryId] [int] NOT NULL,
	[Name] [nvarchar](50) NOT NULL,
 CONSTRAINT [PK_dbo.City] PRIMARY KEY CLUSTERED 
(
	[Id] ASC
)WITH (PAD_INDEX = OFF, STATISTICS_NORECOMPUTE = OFF, IGNORE_DUP_KEY = OFF, ALLOW_ROW_LOCKS = ON, ALLOW_PAGE_LOCKS = ON) ON [PRIMARY]
) ON [PRIMARY]
GO
/****** Object:  Table [dbo].[Country]    Script Date: 11/13/2017 12:07:51 AM ******/
SET ANSI_NULLS ON
GO
SET QUOTED_IDENTIFIER ON
GO
CREATE TABLE [dbo].[Country](
	[Id] [int] IDENTITY(1,1) NOT NULL,
	[Name] [nvarchar](50) NOT NULL,
	[Alpha2] [nvarchar](2) NOT NULL,
 CONSTRAINT [PK_dbo.Country] PRIMARY KEY CLUSTERED 
(
	[Id] ASC
)WITH (PAD_INDEX = OFF, STATISTICS_NORECOMPUTE = OFF, IGNORE_DUP_KEY = OFF, ALLOW_ROW_LOCKS = ON, ALLOW_PAGE_LOCKS = ON) ON [PRIMARY]
) ON [PRIMARY]
GO
/****** Object:  Table [dbo].[GamePlace]    Script Date: 11/13/2017 12:07:51 AM ******/
SET ANSI_NULLS ON
GO
SET QUOTED_IDENTIFIER ON
GO
CREATE TABLE [dbo].[GamePlace](
	[Id] [int] IDENTITY(1,1) NOT NULL,
	[Name] [nvarchar](50) NOT NULL,
 CONSTRAINT [PK_dbo.GamePlace] PRIMARY KEY CLUSTERED 
(
	[Id] ASC
)WITH (PAD_INDEX = OFF, STATISTICS_NORECOMPUTE = OFF, IGNORE_DUP_KEY = OFF, ALLOW_ROW_LOCKS = ON, ALLOW_PAGE_LOCKS = ON) ON [PRIMARY]
) ON [PRIMARY]
GO
/****** Object:  Table [dbo].[Judge]    Script Date: 11/13/2017 12:07:51 AM ******/
SET ANSI_NULLS ON
GO
SET QUOTED_IDENTIFIER ON
GO
CREATE TABLE [dbo].[Judge](
	[Id] [int] IDENTITY(1,1) NOT NULL,
	[CityId] [int] NULL,
	[Name] [nvarchar](50) NOT NULL,
	[Surname] [nvarchar](50) NOT NULL,
 CONSTRAINT [PK_dbo.Judge] PRIMARY KEY CLUSTERED 
(
	[Id] ASC
)WITH (PAD_INDEX = OFF, STATISTICS_NORECOMPUTE = OFF, IGNORE_DUP_KEY = OFF, ALLOW_ROW_LOCKS = ON, ALLOW_PAGE_LOCKS = ON) ON [PRIMARY]
) ON [PRIMARY]
GO
/****** Object:  Table [dbo].[Match]    Script Date: 11/13/2017 12:07:51 AM ******/
SET ANSI_NULLS ON
GO
SET QUOTED_IDENTIFIER ON
GO
CREATE TABLE [dbo].[Match](
	[Id] [int] IDENTITY(1,1) NOT NULL,
	[TournamentId] [int] NULL,
	[GamePlaceId] [int] NULL,
	[WeatherId] [int] NULL,
	[JudgeId] [int] NULL,
	[TeamWinnerId] [int] NULL,
	[StartDate] [datetime] NULL,
 CONSTRAINT [PK_dbo.Match] PRIMARY KEY CLUSTERED 
(
	[Id] ASC
)WITH (PAD_INDEX = OFF, STATISTICS_NORECOMPUTE = OFF, IGNORE_DUP_KEY = OFF, ALLOW_ROW_LOCKS = ON, ALLOW_PAGE_LOCKS = ON) ON [PRIMARY]
) ON [PRIMARY]
GO
/****** Object:  Table [dbo].[MatchTeams]    Script Date: 11/13/2017 12:07:51 AM ******/
SET ANSI_NULLS ON
GO
SET QUOTED_IDENTIFIER ON
GO
CREATE TABLE [dbo].[MatchTeams](
	[MatchId] [int] NOT NULL,
	[TeamId] [int] NOT NULL,
	[Inning1] [int] NULL,
	[Inning2] [int] NULL,
	[Inning3] [int] NULL,
	[Inning4] [int] NULL,
	[Inning5] [int] NULL,
	[Inning6] [int] NULL,
	[Inning7] [int] NULL,
	[Inning8] [int] NULL,
	[Inning9] [int] NULL,
	[R] [int] NULL,
	[H] [int] NULL,
	[E] [int] NULL,
 CONSTRAINT [PK_dbo.MatchTeams] PRIMARY KEY CLUSTERED 
(
	[MatchId] ASC,
	[TeamId] ASC
)WITH (PAD_INDEX = OFF, STATISTICS_NORECOMPUTE = OFF, IGNORE_DUP_KEY = OFF, ALLOW_ROW_LOCKS = ON, ALLOW_PAGE_LOCKS = ON) ON [PRIMARY]
) ON [PRIMARY]
GO
/****** Object:  Table [dbo].[NewsItem]    Script Date: 11/13/2017 12:07:51 AM ******/
SET ANSI_NULLS ON
GO
SET QUOTED_IDENTIFIER ON
GO
CREATE TABLE [dbo].[NewsItem](
	[Id] [int] IDENTITY(1,1) NOT NULL,
	[CategoryId] [int] NULL,
	[Title] [nvarchar](50) NOT NULL,
	[ShortNews] [nvarchar](max) NOT NULL,
	[FullNews] [nvarchar](max) NOT NULL,
	[PubDate] [datetime] NOT NULL,
	[Image] [nvarchar](50) NOT NULL,
 CONSTRAINT [PK_dbo.NewsItem] PRIMARY KEY CLUSTERED 
(
	[Id] ASC
)WITH (PAD_INDEX = OFF, STATISTICS_NORECOMPUTE = OFF, IGNORE_DUP_KEY = OFF, ALLOW_ROW_LOCKS = ON, ALLOW_PAGE_LOCKS = ON) ON [PRIMARY]
) ON [PRIMARY] TEXTIMAGE_ON [PRIMARY]
GO
/****** Object:  Table [dbo].[NewsSlide]    Script Date: 11/13/2017 12:07:51 AM ******/
SET ANSI_NULLS ON
GO
SET QUOTED_IDENTIFIER ON
GO
CREATE TABLE [dbo].[NewsSlide](
	[Id] [int] NOT NULL,
 CONSTRAINT [PK_dbo.NewsSlide] PRIMARY KEY CLUSTERED 
(
	[Id] ASC
)WITH (PAD_INDEX = OFF, STATISTICS_NORECOMPUTE = OFF, IGNORE_DUP_KEY = OFF, ALLOW_ROW_LOCKS = ON, ALLOW_PAGE_LOCKS = ON) ON [PRIMARY]
) ON [PRIMARY]
GO
/****** Object:  Table [dbo].[Partner]    Script Date: 11/13/2017 12:07:51 AM ******/
SET ANSI_NULLS ON
GO
SET QUOTED_IDENTIFIER ON
GO
CREATE TABLE [dbo].[Partner](
	[Id] [int] IDENTITY(1,1) NOT NULL,
	[Name] [nvarchar](50) NOT NULL,
	[Url] [nvarchar](50) NOT NULL,
	[Logo] [nvarchar](50) NOT NULL,
 CONSTRAINT [PK_dbo.Partner] PRIMARY KEY CLUSTERED 
(
	[Id] ASC
)WITH (PAD_INDEX = OFF, STATISTICS_NORECOMPUTE = OFF, IGNORE_DUP_KEY = OFF, ALLOW_ROW_LOCKS = ON, ALLOW_PAGE_LOCKS = ON) ON [PRIMARY]
) ON [PRIMARY]
GO
/****** Object:  Table [dbo].[Player]    Script Date: 11/13/2017 12:07:51 AM ******/
SET ANSI_NULLS ON
GO
SET QUOTED_IDENTIFIER ON
GO
CREATE TABLE [dbo].[Player](
	[Id] [int] IDENTITY(1,1) NOT NULL,
	[CityId] [int] NULL,
	[PositionId] [int] NULL,
	[TeamId] [int] NULL,
	[Name] [nvarchar](50) NOT NULL,
	[Surname] [nvarchar](50) NOT NULL,
	[Birthday] [datetime] NULL,
	[Number] [int] NULL,
	[Height] [int] NULL,
	[Weight] [int] NULL,
	[Attack] [nvarchar](1) NULL,
	[Protection] [nvarchar](1) NULL,
	[MainRoster] [bit] NOT NULL,
	[Photo] [nvarchar](50) NULL,
	[DebutMajorLeague] [datetime] NULL,
	[PlaceOfStudy] [nvarchar](50) NULL,
 CONSTRAINT [PK_dbo.Player] PRIMARY KEY CLUSTERED 
(
	[Id] ASC
)WITH (PAD_INDEX = OFF, STATISTICS_NORECOMPUTE = OFF, IGNORE_DUP_KEY = OFF, ALLOW_ROW_LOCKS = ON, ALLOW_PAGE_LOCKS = ON) ON [PRIMARY]
) ON [PRIMARY]
GO
/****** Object:  Table [dbo].[Position]    Script Date: 11/13/2017 12:07:51 AM ******/
SET ANSI_NULLS ON
GO
SET QUOTED_IDENTIFIER ON
GO
CREATE TABLE [dbo].[Position](
	[Id] [int] IDENTITY(1,1) NOT NULL,
	[Name] [nvarchar](50) NOT NULL,
	[Abbreviation] [nvarchar](2) NOT NULL,
 CONSTRAINT [PK_dbo.Position] PRIMARY KEY CLUSTERED 
(
	[Id] ASC
)WITH (PAD_INDEX = OFF, STATISTICS_NORECOMPUTE = OFF, IGNORE_DUP_KEY = OFF, ALLOW_ROW_LOCKS = ON, ALLOW_PAGE_LOCKS = ON) ON [PRIMARY]
) ON [PRIMARY]
GO
/****** Object:  Table [dbo].[Team]    Script Date: 11/13/2017 12:07:51 AM ******/
SET ANSI_NULLS ON
GO
SET QUOTED_IDENTIFIER ON
GO
CREATE TABLE [dbo].[Team](
	[Id] [int] IDENTITY(1,1) NOT NULL,
	[CityId] [int] NULL,
	[Name] [nvarchar](50) NOT NULL,
	[FullName] [nvarchar](50) NOT NULL,
	[Coach] [nvarchar](50) NULL,
	[Logo] [nvarchar](50) NULL,
	[BackgroundImage] [nvarchar](50) NULL,
 CONSTRAINT [PK_dbo.Team] PRIMARY KEY CLUSTERED 
(
	[Id] ASC
)WITH (PAD_INDEX = OFF, STATISTICS_NORECOMPUTE = OFF, IGNORE_DUP_KEY = OFF, ALLOW_ROW_LOCKS = ON, ALLOW_PAGE_LOCKS = ON) ON [PRIMARY]
) ON [PRIMARY]
GO
/****** Object:  Table [dbo].[TeamStats]    Script Date: 11/13/2017 12:07:51 AM ******/
SET ANSI_NULLS ON
GO
SET QUOTED_IDENTIFIER ON
GO
CREATE TABLE [dbo].[TeamStats](
	[Id] [int] IDENTITY(1,1) NOT NULL,
	[TeamId] [int] NULL,
	[Year] [int] NOT NULL,
	[Victories] [int] NOT NULL,
	[Defeats] [int] NOT NULL,
 CONSTRAINT [PK_dbo.TeamStats] PRIMARY KEY CLUSTERED 
(
	[Id] ASC
)WITH (PAD_INDEX = OFF, STATISTICS_NORECOMPUTE = OFF, IGNORE_DUP_KEY = OFF, ALLOW_ROW_LOCKS = ON, ALLOW_PAGE_LOCKS = ON) ON [PRIMARY]
) ON [PRIMARY]
GO
/****** Object:  Table [dbo].[Tournament]    Script Date: 11/13/2017 12:07:51 AM ******/
SET ANSI_NULLS ON
GO
SET QUOTED_IDENTIFIER ON
GO
CREATE TABLE [dbo].[Tournament](
	[Id] [int] IDENTITY(1,1) NOT NULL,
	[JudgeId] [int] NULL,
	[Name] [nvarchar](50) NOT NULL,
	[Description] [nvarchar](max) NULL,
	[StartDate] [datetime] NOT NULL,
	[EndDate] [datetime] NOT NULL,
	[Logo] [nvarchar](50) NULL,
 CONSTRAINT [PK_dbo.Tournament] PRIMARY KEY CLUSTERED 
(
	[Id] ASC
)WITH (PAD_INDEX = OFF, STATISTICS_NORECOMPUTE = OFF, IGNORE_DUP_KEY = OFF, ALLOW_ROW_LOCKS = ON, ALLOW_PAGE_LOCKS = ON) ON [PRIMARY]
) ON [PRIMARY] TEXTIMAGE_ON [PRIMARY]
GO
/****** Object:  Table [dbo].[TournamentTeams]    Script Date: 11/13/2017 12:07:51 AM ******/
SET ANSI_NULLS ON
GO
SET QUOTED_IDENTIFIER ON
GO
CREATE TABLE [dbo].[TournamentTeams](
	[TournamentId] [int] NOT NULL,
	[TeamId] [int] NOT NULL,
	[Place] [int] NULL,
	[Victories] [int] NOT NULL,
	[Defeats] [int] NOT NULL,
 CONSTRAINT [PK_dbo.TournamentTeams] PRIMARY KEY CLUSTERED 
(
	[TournamentId] ASC,
	[TeamId] ASC
)WITH (PAD_INDEX = OFF, STATISTICS_NORECOMPUTE = OFF, IGNORE_DUP_KEY = OFF, ALLOW_ROW_LOCKS = ON, ALLOW_PAGE_LOCKS = ON) ON [PRIMARY]
) ON [PRIMARY]
GO
/****** Object:  Table [dbo].[VideoCategory]    Script Date: 11/13/2017 12:07:51 AM ******/
SET ANSI_NULLS ON
GO
SET QUOTED_IDENTIFIER ON
GO
CREATE TABLE [dbo].[VideoCategory](
	[Id] [int] IDENTITY(1,1) NOT NULL,
	[Name] [nvarchar](50) NOT NULL,
 CONSTRAINT [PK_dbo.VideoCategory] PRIMARY KEY CLUSTERED 
(
	[Id] ASC
)WITH (PAD_INDEX = OFF, STATISTICS_NORECOMPUTE = OFF, IGNORE_DUP_KEY = OFF, ALLOW_ROW_LOCKS = ON, ALLOW_PAGE_LOCKS = ON) ON [PRIMARY]
) ON [PRIMARY]
GO
/****** Object:  Table [dbo].[VideoSlide]    Script Date: 11/13/2017 12:07:51 AM ******/
SET ANSI_NULLS ON
GO
SET QUOTED_IDENTIFIER ON
GO
CREATE TABLE [dbo].[VideoSlide](
	[Id] [int] IDENTITY(1,1) NOT NULL,
	[VideoCategoryId] [int] NULL,
	[Name] [nvarchar](50) NOT NULL,
	[Url] [nvarchar](100) NOT NULL,
	[Image] [nvarchar](50) NULL,
 CONSTRAINT [PK_dbo.VideoSlide] PRIMARY KEY CLUSTERED 
(
	[Id] ASC
)WITH (PAD_INDEX = OFF, STATISTICS_NORECOMPUTE = OFF, IGNORE_DUP_KEY = OFF, ALLOW_ROW_LOCKS = ON, ALLOW_PAGE_LOCKS = ON) ON [PRIMARY]
) ON [PRIMARY]
GO
/****** Object:  Table [dbo].[Weather]    Script Date: 11/13/2017 12:07:51 AM ******/
SET ANSI_NULLS ON
GO
SET QUOTED_IDENTIFIER ON
GO
CREATE TABLE [dbo].[Weather](
	[Id] [int] IDENTITY(1,1) NOT NULL,
	[Name] [nvarchar](50) NOT NULL,
 CONSTRAINT [PK_dbo.Weather] PRIMARY KEY CLUSTERED 
(
	[Id] ASC
)WITH (PAD_INDEX = OFF, STATISTICS_NORECOMPUTE = OFF, IGNORE_DUP_KEY = OFF, ALLOW_ROW_LOCKS = ON, ALLOW_PAGE_LOCKS = ON) ON [PRIMARY]
) ON [PRIMARY]
GO
/****** Object:  Table [dbo].[WidgetNextMatch]    Script Date: 11/13/2017 12:07:51 AM ******/
SET ANSI_NULLS ON
GO
SET QUOTED_IDENTIFIER ON
GO
CREATE TABLE [dbo].[WidgetNextMatch](
	[Id] [int] NOT NULL,
 CONSTRAINT [PK_dbo.WidgetNextMatch] PRIMARY KEY CLUSTERED 
(
	[Id] ASC
)WITH (PAD_INDEX = OFF, STATISTICS_NORECOMPUTE = OFF, IGNORE_DUP_KEY = OFF, ALLOW_ROW_LOCKS = ON, ALLOW_PAGE_LOCKS = ON) ON [PRIMARY]
) ON [PRIMARY]
GO
INSERT [dbo].[__MigrationHistory] ([MigrationId], [ContextKey], [Model], [ProductVersion]) VALUES (N'201706181335591_InitialCreate', N'BaseballApp.EF.BaseballContext', 0x1F8B0800000000000400ED3DDB6EDC3A92EF0BEC3F34FA69779071DBCE494E12D833F071EC93ECC4491027393B4F86DC4DDB9AA8A51E499D1363B15FB60FFB49FB0BAB0B45F1524591A26EED630408DCA4582C5615C962B1AAF87FFFF3BF477FFDB10E66DF499CF851783C3FD8DB9FCF48B88C567E787B3CDFA6377F7E31FFEB5FFEF55F8ECE56EB1FB3AFD5774FF3EFB29661723CBF4BD3CDABC52259DE91B597ECADFD651C25D14DBAB78CD60B6F152D0EF7F75F2E0E0E16240331CF60CD66479FB661EAAF49F123FB791A854BB249B75E7011AD4890D0F2ACE6B2803A7BEFAD49B2F196E478FE8B97906B2F084E369BBDB3F3F9EC24F0BD0C8B4B12DCCC675E1846A9976638BEFA9290CB348EC2DBCB4D56E0059FEF3724FBEEC60B1242717F557F6E3A8CFDC37C188BBA61056AB94DD2686D09F0E029A5CB426EDE8ABA7346B78C72671985D3FB7CD405F58EE727CB3B9F7C276B12A6F399DCDFABD320CEBF15E95B72638F6BF964C6D53F610291C94DFEEFC9EC741BA4DB981C87649BC65EF064F6717B1DF8CBBF91FBCFD137121E87DB20E0D1CC10CDEA8482ACE8631C6D489CDE7F223714F9B7ABF96C21B65BC80D5933AE4D39A6B761FAF4703E7B9F75EE5D0784490137FECB348AC9AF2424B19792D5472F4D491CE630484147A577A9AFCFC45B37F7A78791FF5F41C844379B81F3D985F7E31D096FD3BBE3F9B36CCA9DFB3FC8AA2AA040BF847E365FB33669BC25D69DBE5D7BB703F4FADEFBEEDF16940608379F7D22415199DCF99B722EF34277557E741E47EB4F51208A72517775196DE3653E8C08F9E0B317DF925444EB6851CF11EDCC29BBB79A327993C7B902F7759A7DA3F437C1A9719E7D3E4AC7A791B7BC73EF55DFC9BBE836EABB8F5FBCE5B7DB38DA86AB8E9619D355859BFF89FBEA522D1EE8EA522D3FA6E89D16B30440AB8056D6D6F8B0426599AB6BA0F54D87C18597661A054C9BA2AE18D86F7E984D721E17B94EA18DF2812D6D0A00797B0D7245B5C237A90A468DABB7C5EC63E0DD676B38885659A7A0C4152BE8F075B6A8E48D2EB3D5184686D52AF888350A4A52B53556D9F7A1974F0B9C7FD2372A8640BD8A27F41184ADF1165FCE39AB2D3E6FF2B8C5633B5876C08BD55D7E921A31BE4C97A300E5B85875D907B5FCF2E5CA7A2D54DA2ED9FFB15DDD222B7651A5EC1B75A93281B8AA1E56411911AE185B055BA1A25965F4FB28B4EEE128982F229538D8AD2365ABC7A564CC3540D61F83CD9D77A8E9F6B0E795C74F7D64AE1B2D3CB28083AB522B192F560E4B092FDA3CCA37DCD7AE9C862F4B956BCCED183B35356E7FF23E0CEC8CDD1D9CE80C91CF4C659FF071A9AC6BAF6E37A9DA2A4E729D46C5D66067BC6A14C3B45C358A368FAB06DC57CD1ECBB5E3D7ECFF4CE75A12CB76BF112FBD23B165AB42742CDBD4B603CB86D9C9354E5F67E4AC5AE57F7FF6D716538A514733BFB96FE439CEAA941547AE6FA5FCB75D746064C479DFBD7986CE79D03E43AD44B881A6FCA0CD81A0B259B91AB660A201962FFBE55A871CF791825CBD2423C8D51FD82247A7B70633F6858C16AD4070AA6AAD11F233E94CDF931F2995231C31F94B0541F1030C51E92BA71B236E8DB0DAF358BBC77D0FEE6B648B50B3F667B43BC05AA0BA7BB4D7B5E80A6DAF70150DC792BE02035504C16FAB1B775B69657DB81826BBB8EE7F1B8699F81E58A938659BC3166D9EB668F3538B36CF5AB479DEA2CDCF2DDABC68D1E6A5559B4F565FBFB1FAFA4CFFB57ECD7257D6C05D13D2E69C3D3F2CAEF8344875E0F6C1E96276CE1FACE1E3360EF7D5E65C388AD5EB354996B1BF295DF2D0BEB33F3BF096D09C5F2DB13E0B579DC0E9C547A4C519D7CA92A5384960A6AE0E7D25CC4E6D88AF847AACEBF5C21DC415FFAAF9F25D8F7F8BE5B68DF22AB51E6BE115ED723DAAB11A03E008BA2C3DF158ACE65FFD65B68514975C2E1DBF2637A47083B10262AF93B4725BC157A20615C5C18CE43CDD1B91D61B998CA73BB327594D73DAEA51AF82FB9ABC79A4D18A08EF91B28DB19DC4C986423BC9135B3F2C09ECE82C696F8B45D88D586C5BB1BDF430B2E476D9E8613179549F858F51E2E75DB7B80CDC8573E260DE11B287BD1FA7772BEFBEF1CA5326D2767D9D4F0A1B6B15F16FEF52CB4B63EB262769EA2DBF69E878D0C1493BFB999265C3A1BE8B8E2E3C3FFC1425694DEA5FA26C9DF3427B0DFB2E4A7B8FD7784DAEB7D992FB8F287E47BCDB6DF3453A740CF87073996E57F7C3D90D50BF2003775459DB855C558D3D63E912A7C3A5FE46C1A7AAC27062F59D195A0D8216105CDC8DAB3521ECF665DAEC716786FB1A65F33BB9BE8EC977DF6B58507BF69935704C37997D8883BA323B5B4792D2B81DEB70D2A2DDA3DCC37DB5D013FF4E3C5901B294FB5DB36199868541618640D458BB18898CBDB7917D90046DF628FF705F231B7EDE93DF93B72941AE20AADAAB9AF9B5EC2995CA0AAC7EE1B40657E02C25B06AF62881705F15736C0FF87E1A8C705CBF8BE234E7680797BA6DB20A8CD27326889DDC0A8F9D32A45E45DCD71A79ABC357239BA5F032F057F04D3683CF7D06E0C76A7104EB4F9CF6630E0FEBE5B068F7B0D643DB0DAF1B26A33B9E2A07ED0EDB5E9C86F636F0B2D5C362F0AEA95C52A75FE260F03EBBF102D2766A2CC91573F279A213E70B9627ED24D9BC27E95ED570AF04791E67E07E8FE26F7B3CC42733E376F54438349D084F0FAE6F9EBE78F6DC5B3D7DFE1379FA6CF8490159B90F5FF421330D93E3F0D9F37E75842F09660AE2F97D453FAB1767B556D981814F9C76E00A5E0EAA7BB1AEA04E5FB4734C0D9DA6F201B59909551743CF860ADF7EFB3596B89C0C96BA40DE64371581E1B87CB6F67CDDEE6CBAE819F4721A85377EBC266C94ADAF15BD24C9E6FCEA8D97E832CE75E4E04C96DB3813C5CBD45B6F7AEFEDE35D1412F19E7B88BE3A63CDE7DFA3732F37309F85792B6778EFA2E5B7689B52DFF02FE9D2F6769701E8049D93E59224C97926CC645564267133A2E70BD4D84AC769E0F988093447EFAAAAAFD50DAE58D133F83A5B2344A6B2FBA10693AA5EC2A42C8631A175B698E4103488D06A098FA21446A3ACEA4CE12AE8DBBDC655809DBECA35F523F658FA5AC1BEBCD3DE378EA2A7AF5EB0EDBAAB56B3A198E3DDCF8602ECF46743816656FCDD5FE52A83C139A4FA38036FF43D7CC4699E731266434F07619843773ECC1A603C5DBE6684885A5E620B6D77F334F550CCAAA8BE52F0A830B9C35A4B5D7F258942ADC360DF28767EF443276B7F0DB58D7C3EC04B9DEE8453E0D22EF8A5EBEF0B0EF6A7FCA684D594D55E0A3B4D5AF918D238BB4D26ED499244CBD26392F36266793DC5916747F6992EBB7049E72A396846EA6C76FA9B6C3E66BF8EE77F522889C063AB1307AFCA332A823C5040665398C4F91CF272DB54922D0A7E98AAF3DD0F97FEC60B34BD4B6D0C57899CD00CBA5CF39A6C48984F700D114DBAE5925AABBDB34EA4D5AB8930470B4E14F412C2A5B9C4F809E5BCACB94963E7CDC503CA20AD17B6FDBDBD8E8443ED7B00D150E9672418341C6A14A990D34E61BC443314D60CA5317BE6F281E6B5AA6172F9B0FA9214048B01C405A1A949CF421ECE1105A75C13F40C96F26A380B8C9471B66181EA5A5084DE071312818626BDB21439E309079F1A4ACB51304F94242634A987A5AC80E9421B04B04B6901FA1F4A6400A29A748DE7D01B586E8A200303E68A21071D4A8DF8744C0DB88C7EE85B66F8DE8715199EA0263DC3296806DD85B89CBCFAAD034AD0EBBC1F41CF59E9C5A5EB3D49C560B08D49A5A8A9CCD449BA47911C252918C6643C4318C7642E4D8EB9F8E059F407D369301406901F8CAED3D76EC06C4ECD4CD6EF574AFEB2367234DACEA543615059DAC13D4C9373CB98E34002AE7E440B48EC67B20CF625660A3A63089B427C2391D3A7FA1B50796A1637FC010177E5A9A54075AE428D2149185D774A7EAA9C6C7A3E2BCF3C384B8E92F2AD86C8D2C4F52B33120683098C444B937EB9F777C6141529BF5B0383B187371A0D38F2083F84AF494052323B29B236E531A0C9D25BA997848B0C073BA420E993B3D8F5672BC068349C28C2E468DFFF00B2C8E775C2980D2679AA595C2505345FB3C0474C87BA0C033A1F4042001A9AF43AEA75989CE9A7819D6AD2AD0E6444CD25C4016529887A96151989E1E445A6A949CF7C7AC831E5466B090013A375202F36C7FDCEE564E0833E40C3E99FEFD96BD2E8295B7940BA818DDA23BBFA4EF550FB8CD2F510A771997693DF63A4445A3A3E4259B544C9A0E9E0ECC403C8C635D8BA01F73F90A0A8F49CFCEA71B2BCF3C977525A2674F2227F08490CF78D8DCC28A087352E63DD0F20341851272F366A22238CB99AAC463577EB8435E652A349CDC66D48CC97B6AF0507456300F141696BB449718EE2E3CA509D88A891D740EAA96629EAC962A34B95242245C31D7A59BD70D20C29800A09266DA201B2AC604CD6A55CA9992C26FE1944FA34895E00C4EAF42D4D0B6C2B21C4A9348010E29430E91CCED6329020F281F718A3C128FC9AC365BA9441440E8AF947648D46AEF7226C004106903260F026BDA2798306132F9A4D41CB5439B5C278E225257240C48B8682F7275E224186122F71F0BB215E658E0C2D4FA58419E30997989E63F86D52A5C65092258C7CF28285464462DC6D0E8FAC79CD07209B9F369BA3A6A51EFA3F7936A134806C35D1DD0405256A7900913B2B667BD626CD5A909862524595E7E5E407F4AE76362B68887A42E3806579C9E15E9254B5AE25F3D9190BB685EC658AE889A0A86F9D02A3348C35343EF5D3E22108A5F5291456AEB42E424B1100550C6E038CC2A51602403D901B9AB3B71B95F6D409A2A13D0B6883407051802668609CE02B9B98C9BCAB4096726E69C68050F990BF6880C89C9B1448ACA60982ECA0A24292BF6880C81ECF512055B79A4D00E8052E0882DD791BCC407A1F02CE425AD73499CA950E994D6CD3688052E6E857DAD7163083F6551E11100ADD209BE85A26E106C95A65F56E004173AC29ED45934A0310597FD301AC75BC06A034FDAE02A8D45A2D30AA32EB6951A227660BB0559A3C2D587A526A00CBEFC1B0644A3A8D093C54BE780D4C02C4EDD7C2EE55279F98719F709B189C9C4250E1C0F4140CF37A9354F48F868C143C887AA794CF26E2C80C46CD255400C68CA55B10D005122E70C8565BB266BC408A854682B518AA9C250018AF3691808033964A80439C69139AA163D9033830BC52D1110DA836848D1F0825039016E3C85A8D5B0C186B149AB6E3E563B8B141A371DE2ADA50A4B73C7C500BD28302C88050D28D0EA52AAF25837A458FA12EDCD13B1141B892E720C1FA645BC9E7826C51F1C7027101010642715B4D0420FAB6071228D1A20009F411A502EA684C298F3A7F04D190018D22ED635100431FB5B4309A16DA20499026CD13441B15D9AB8828617C260442A2B0F4435223B2BA22961A9665269AED97172DB9F4A16AD0B2A0258DC5F2323821D8291EA302187005A02E875CB51ABF1C65C501C1CC0DAD072E1B1D5002E8C288A031208144ED08820400F18469B09ED81348788A5C250B1AD122E00FC5B47058331B8E860450144B1FE70DE5C16574CC70A40684B412ABD16EEC4A74060FA6B6627545026C8345030E209CB1EDD462D8BDEF9ECC491EDA2C610F7A7107537CE89BB0449AF729D792EB373254CC395C4118700F97060D9A3C75707A64B1E2C90C0C5FEFED2C208EFA3B73A88BD73B1A2AA01ECE3DD001786354254483FFAE803CEEC1CB615F1AA43524C0DD75F999C09920BB230467CFD65002F1428507A1FAA1B6A285EA392A81A96CA8CEC4801E965389D1E418298C42E31AC98D829AE335D4D0783272700013BF335184776F546AA0DE7902FA907F1E8737A5B566FC905B1D32F00AD76E465E5D202023871CC754C425D731FB914B1E5FC8C82B5CBB1939152064E0804B938AB6E8D4643F6CD117A96741C7538CAB243073BE1106D4E87EC30D4FB81AD210A9D1E14686D96AEFA832A03357105677B4B8CC8E6C6B8F161C2DB24F9664936EBDA07C90A0AAB8F0361B3FBC4DEA96B46476B9F196F9A5D19F2FE7B31FEB204C8EE77769BA79B5582405E8646FCD1E9D5946EB85B78A1687FBFB2F1707078B750963B1140451765C613DA551ECDD12A936BF8F5A91733F4ED2D75EEA5D7B791AFBD3D55AF94C767C412EF7AADE00DF16958FD59D5FD528FF5B74B3C9DF76383B179C602430352DCFB3E1E55F142325B00AA6B6CEDA5F2EBDC08B8147194EA360BB0E712F28BC751578C543C082B17028F9FF228CB2C41C027DC840184859A4C2385A48849419B65038264D21590A8C64A4D4691D840352D20DA4026ED68F3854C1BE3C042C00B84F7138DF06810AA52EB51851E4E5662561406591398CF2596E1E4459620EE1176FF9ED368EB6E10A1074A57232224F0FF30E320F59220C641E6ED693CCD78F4D885282BE4181C33297FCB138CA9C3A5C980ABBA798F0156BD90F6BDD17A2936073E71D8A30AAB2C930955E593A7014BC8435E027D2EE616F4E97E545960884154E462AAA7B1A07B100EF8C0CC40269D7930A2B64771414596DDE471CA2F062080F50FB94080E8FCB28C843D3241AC461B174CE3C2434C7B3866A425A7159FDC7138EE3102F532FCECF66F2C4A88B27333538673787D9813AF019CC104DDBB1B7C231972BE733160EC574D9421A6374658F80F0A4455F06C1E17473107F1B86D9000F2441A90A6DE11C427040C5470FE72904E7A93D9C9F20383FD9C37906C179660FE73904E7B93D9C9F21383FDBC37901C179610FE72504E7A50D9C4F22844F366DDF886DDFD8B43D13DB9E4D687DE3FD9F5C8C48A85F97892949D3B89F6DA72B75C55D6B7F4D9265EC6F4A1F191E9050D1AFBA838A6DB85221B1C23E0C55A34F02776BAA1E94D56CB0DCF3BB3F7174B3FBD380131E08180AAA83F1D55FA6F4E28987C315DB4CB91B52F8D488D38D164E462871275163614440180821DAF20F7A0C68765835678A1E9409739A20B83169241257AE8C0EA4A5A1CAF614C51A4ED962C867CC16D6564D266D1CDA546E5C6DAD98E8D5961FA7772BEF5EBAD362A51663DAAEAF731F796154B4CCE2F840FCDBBB543A43D0321B939D0AE5376B282769EA2DBF49B707B4CC42FEE228254B5571E5CBCDA15D787EF8294A5299D27CB9056E77512AA99CB4C8464DB8DE664BD43FA2F81DF16EB744D617E45A4B85E8C3CD65BA5DDD037A11AB99CED2CCBCE25D1667C4CFDF6479469B8EAD8EA053ECFA3A26DF4B772869A20935936171ED6AEE72F8C180981C7BF0B63D5DD074B2E3FD9D78D28A55963C1E6D66B8B0717E840ED286794D1A081BDE74EC0565248E14FEF40EBC605971EC798137ED49FBE6F2A0091AB8263F1A0EEDB39F06126B699185CE7B17C56919D12068BD75B1A58B9A02AA2EB5D052B6D7AAF58F153E281F4A2E0CC4710E80D12D86930069BB9B87F92A6B958BC248D35BB5D017B19663AFEE18842F712002280A1E90851D8BF7301606215799BD44E89B8F2D162331450D83E980412CF75B7B26E120D0F993A80E43587A5D1C4A95A75EB8234672D78FC6342C64D09851456E3D7BE6C0CDFA9939676BCF9716445A6409E3340A6FFC784D560030AECE4229F292E4F7285EBDF112C97D5FACB150FEC8721BE7444EBDF5465200C52A2BF3574820BBA550D10A1E4251F80B0B35FAF7E8DCCB0FBC67A1771DC8D0D55A9BAD71F92DDAA6F4DAFA4BBA94F749A5BA056C0067B9CEC276B45C922439CF4494AC0ACF74C980A4565B281AD92C56F7A5BA7432CB1C1092DBD1E654660175DB9D1018FDAC86DD6C6E05CA3981A4536F5D6C09EBAB17C84671BE7C929284C65BB792A432F1AB9B242130348ABE1F6665DFB3A362AC68FC7C95D5454ED1E66F44BE8DE02BFA92D791A4428E677610096D08B7813834B4FF831E4EF8207657E6B4B5CAE81AF7C316E5A506F14AA0E119872ED8DD978962326640251F81FC09EB9D96B0DF2C1F01CD0520242928C69DA71C28C69BD0BC04727280F293F9AC5A5A3325FF3E49C97A2FFF60EFF29FC169E0935CA5AB3EB8F042FF8624E9E7E81B098FE787FB0787F3D949E07B49994B82A63D7825BFA3619407E1E0699E0781ACD60BB9B97D36851C4A92AC02209742CE26A6DB22B9048EB24D46E6722541BAB7548E1672C32360429699D1FD9CB0C51CFF95647CCF26D2EAA397A6240EEB3D793E7BBF0D825C673F9EDF7841A2E64F47AE11B92E94374DDE862BF2E378FE5F459357B3B7FF7955B67A32FB10673C7E35DB9FFDB775C7E5042EBB0DBF7BF1F22EBF77BCF07EBC23E16D7A773C7FB66F0D93CE4817A0FCDCD48A02F014F2AECA40E5BC652703652B4C068AA76F4610813A9B41B770697A0363A026E32F8DDC9D8254B21E3840379E0A6A5E81DD9D0A757E02CBD950351C795134671A94346067F9D6C794AF321268A01E76C50D20E47F6779F190B613E6BA3BC89C04FCE177560AC4A01D4BF5926BEB22114266013B14B8A62E1870D908ECFA670D5D7A672181767DD3662E3D8BE90EEC0F17555B171CB8A0C1128155F677EAE7B3B913B507C936B0B3337640E503CB0960463B341100F02DEC12DB4C6BD6879DECD2664E4AE068477296D280EBD96ECAB164068E109E3A43F8C919C2336708CF9D21FCEC0CE1853384970E103E39B47DE3D0F6CCB8ADB9BD0789F2DFD9E57E3CE5A00F455DC8372082FEB7B5F7E3DF7B511E8C306319071CE1385B8B5A887AEB2D5A1FB2DFE13EDDF73163DA3B364D44D07A9DE4A274401886538F06E89882301644308C7F6717DC01F56B6D88FD600434980356F26F3C7C281E7E67C5662C731A1F886FD777DDD2D584D0F5A2BAD36644E0B687E503B031700043A62EB5ED75751AC4DF1AC06FAE00AA04001A021F58CF002E15409770F9A40025DC6BDF7EDBA519013ABD3E54D302B8099698106008DD158EB5DFD9C5BF977B2D21847F88DB2D24387E67B932D6D654C6E6B7D7D427AEEEC34EA43B2B2503EAFB7010FACE528E7712B5547B594B27D5B30C81EF5807ACE3E11BEC53E68E4E9D416381F18E46AA213DF090A0F33FC0F1168A0FDFD9C9DE878A533877770BD2D2FCEAC25F3CDA7B0826C3679CC3171D31B669D6E483CEFF2A8A9FCCDE265F42FF9FDBACE273B670E7738857509F3DEF9AE670F0B619DDB12821E053382EBB994D5517B654CDD6A2B2A9B81E3972B81A450B6CCAA60ED81873568DFCDEA9594423C775C734711618DD8F4A11E40E5608216EBC8B8B37316ABC038842D478B7F03A21A11A1EDE1E16100FEE66C191E3C0DBA306047EB73F84D621DFB66B4FD572C4FD0508BFDE59ED6D5A1B12170EDEC144E7E3C1ADC1B5920C209CDA4C321AA2A781161F75D1D1C6CA4DB3FC499875BC3B0AA3E818F698A26D2C3D9AE8EB9D5D5306349C6121D23B4B3B25C8DACE6021359FDA3D6AD3B9FE60BFFFA051F3A59E7B539EBBCBBF8223AFEA77EDAB7A8A521E26CD1E879D5D6C83D4DF04FE3283545C3D2E503085F8F0308A0211C09F140099749338173E2F3F202469ECF96A00FBC7D80F97FEC60B2494A5EF0C274D4E410651AE794D3624CC67033F2C937E344F0D1F2D185469F6368DFE68C13155CFEBC251F20A888DB464D1FEDE9E8ECD65E4180F8496F4C36853EA3B72197B3A1760B30FBF3C31088F0BEFAA2B2C10A46652FD05CF28AED48AE5A54F170F8996F4C272DD839C9DF31D7B5346ED48FB6AEC80CC872237AD67E7A4186E3EF7066336FAB6DD708C2E5CA1AF20774A6B3E35B2BA74BB56E0D0E25E986ECE8B2E988E3D2EA7F686C77A0DCC7920DF47CDB5A292E75759307DB6ABA39A04D7B1872C065CD7EB285437AE4F6A691F94DDC69CC6DF451F84DF7518C8209B39174826C80E57BCDBDBBAF631DDA9EDED52AC53CFCBBC1C59050BC04358F09B1F929DD8AAAF080216EFE93093272E1A76F3760C01D147150EA81CF4201CD352140695050B75612A12008726D6ECAAEA7986B1B209331E7F737944AE735974C664B936A8B28515401ECA87F03509484A6627CB3207EAA9972CBD957A83B1C83A43054FC2521040B9CE4010A76D4D687E8DDAB4CB01C4A80C4BEDFF4A8086BFF250AAA29DBE1440DFC79ED8AD00E533128AC6F1A9FA40E0142B9C34CF35CFE18EC977DDEBE143F2DEFD1839317E0F756EB4E0F5B8C7C5ACF3FE57722349D9B155DC5892465DC359C86AFF53B98E8E9501D1D29D9ED0BA47B52736A7B9ECFE3DDB01F97704783842F94EB31D7D29618A8CAFC267AF10474A6E51AF3E101676566835EF59D02E0FAB2EEC6791C7DFF9E95C04348F6A038BBDE65D986165000B2B6DC9B89E8EF935963212B4B4AFA3BD15573B9020ECF1A3099DEBF978CD2BE081538E6D426827CF39B162101152421E217CEACA5ED6A38677913B972883677E4D83350712AE1CD32BE809498E93458823CFBDB26070292A039B3031A2B5BDC811F22A70AFF283BDC46911183C9800412F474E5080CAF8274C8068ED831120EC01CE290A10F0C0FA04E567AC6D6C0CE931DEBE46159E3AC0EA4A17AA56B353FC8AE7A5546375D6E2E2BC1490A0C2DC9160343DAEDAB984681F0C557B6B7C93B30721390B85F72B59B88EF4D6A42221F4494CD558339F9DB1F82BC89052BE5A793C5F5DE7195CCA282EE103456CC4AE4AEB8ED247590C012F6B1AA096E660056A590C412D6B9AA05681622AE0AA06845D553680A70E8F0A705A0E81A6550D80E985B40298964380695503602EC84601CED5411D70D526D853DF2C7808B4121D07AD6F9244CE7B489547AE12944AAEDEB81F6C50CA17FA1ECD86C71C6494EE580DD40DAB6C022FBB3FA8DDC85F80DDC91F35745BDDCB29BD55155027555D136C765BAC426755207C566BB0F8D17B087005A475D83248AB9B562DB6ABABCB16AB02D72D56DBD0436D9E537AA8ABA01EEA5A831EA82A017641EBB03E687513BF69EA3780DD550DC8EDAAB201BC688552FA10ABC16D35D9BC2769795830EDACD6CDD10EEB4FF04EAB6F9A3B2E0F274A6765B1BE03BB51518B877658F41B7DB7D4FE63D3373D2C6BFBA6DFE8FBA6A683A6BE25ED5CE957AA87FA943E31E9109B707C25DA153CE538AD5554D658E0FE8CFB84D3DAE0C07EF1FA48D4CE32F8A8EA25B6E374C5B211A40B2E44D40D86C5C5A80383C222D8ED51135A083A64D1045611ED872387630363D2466C0B682A8A63812AAA130A6D05FDA26807AB0A6D874809860D0F0CF5B1E7C09043E2C36BB171A121B86D1055DB08AA6EDD10565D9D86599E0FB5A384EEE9150F040E55E8C839CE10F9C8495442B1E8CA2E06D98B902A4182C0D0F48184CE33503DFC9544C18F752EC3D44B6A73D89C23279113A834E2AE045713FC6532783458C6857B2392430972C2E771FF43EF7B2F65D6036C8C48480C14ECC321891825861D9A6CA94087A80FA370DC5D11BB4B49A606638AFDD0F9280B60C0681086A3562B5A798A36880DA7F5906A9B0D3A2CCC2D1F8C3AE05145CC41430F11DB6F50B77AC76DA6CF21D52EE2D01E02FB8F3B0AA111015A0E85F38646C683F94BBBAA02B2059235838D8BF6C3531C7F8101EA9D831D87085C66150D75B754F6C354DD5C817136F8C28A022A997B4A21450C38424BD91C5BB4444DAD0E43E54CAB9AB1A28E866D51565A0A862AD614B640D90F17F0400486DBE4A728200D99820BBCC50ACDB031FBAE00A5AE742602EF29078C1E75A41390E66DC305A26581E1300583AF324E5ADBCD402BB32C3250C8E1ABC3810AD66565A0B4B69B81529B3E324EC02FA9C3610E21B6A8870C3064336F1A6138A05DBE188BD6DCAEC25057308D111D2743952C97F97FB0BAA34569A9A705D9CF348ABD5B7211AD489014A5478B4FDB307FC6A0FCF59A24FE6D0DE2288319960F76D640AB6FDE863751E5FF2261547D222506BE20A9B7F252EF244EFD1B6F9966D5F90B067E783B9F1559E1F37734AEC9EA6DF8619B6EB6693664B2BE0E0452E6EE33BAFE8F160ACE471F8A57EC932E8690A1E9E72F3F7C087FD9FAC18AE17D0EA4CC4640E47E39343F75CECB34CF537D7BCF20BD8F424340947CCC9DE833596F820C58F221BCF4BE9336B865B3F01DB9F596F7757E790C48332344B21FBDF6BDDBD85B271446DD3EFB99C9F06AFDE32FFF0F09BF45B0809C0100, N'6.1.3-40302')
SET IDENTITY_INSERT [dbo].[Achievement] ON 

INSERT [dbo].[Achievement] ([Id], [TeamId], [Name], [Image]) VALUES (1, 1, N'Major League Baseball', N'trophy-01-150108570990767.png')
INSERT [dbo].[Achievement] ([Id], [TeamId], [Name], [Image]) VALUES (3, 1, N'Команда сезона', N'trophy-02-150108577848956.png')
SET IDENTITY_INSERT [dbo].[Achievement] OFF
INSERT [dbo].[AspNetUsers] ([Id], [Email], [EmailConfirmed], [PasswordHash], [SecurityStamp], [PhoneNumber], [PhoneNumberConfirmed], [TwoFactorEnabled], [LockoutEndDateUtc], [LockoutEnabled], [AccessFailedCount], [UserName]) 
VALUES (N'1e5fdeed-177b-477f-9fe4-8dcf3e9ccfcb', NULL, 0, N'APFd1Qc6AttTkgOOZZT8Rb56ltw5IYPjrRlvJBvI7GQJIVmdVG+jZr/7WM43GCKmlA==', N'4f87fb35-97a6-40cf-af0a-1daa880f7e74', NULL, 0, 0, NULL, 0, 0, N'admin')
SET IDENTITY_INSERT [dbo].[Category] ON 

INSERT [dbo].[Category] ([Id], [Name]) VALUES (1, N'Бейсбол1')
INSERT [dbo].[Category] ([Id], [Name]) VALUES (2, N'MLB')
SET IDENTITY_INSERT [dbo].[Category] OFF
SET IDENTITY_INSERT [dbo].[City] ON 

INSERT [dbo].[City] ([Id], [CountryId], [Name]) VALUES (1, 2, N'Минск')
INSERT [dbo].[City] ([Id], [CountryId], [Name]) VALUES (2, 3, N'Нью-Йорк')
INSERT [dbo].[City] ([Id], [CountryId], [Name]) VALUES (8, 11, N'Киев5')
INSERT [dbo].[City] ([Id], [CountryId], [Name]) VALUES (9, 12, N'Лондон')
INSERT [dbo].[City] ([Id], [CountryId], [Name]) VALUES (10, 14, N'Тукс')
SET IDENTITY_INSERT [dbo].[City] OFF
SET IDENTITY_INSERT [dbo].[Country] ON 

INSERT [dbo].[Country] ([Id], [Name], [Alpha2]) VALUES (2, N'Беларусь', N'BY')
INSERT [dbo].[Country] ([Id], [Name], [Alpha2]) VALUES (3, N'США', N'US')
INSERT [dbo].[Country] ([Id], [Name], [Alpha2]) VALUES (11, N'Украина', N'UA')
INSERT [dbo].[Country] ([Id], [Name], [Alpha2]) VALUES (12, N'Англия', N'EN')
INSERT [dbo].[Country] ([Id], [Name], [Alpha2]) VALUES (13, N'Польша', N'PL')
INSERT [dbo].[Country] ([Id], [Name], [Alpha2]) VALUES (14, N'Австрия', N'AT')
INSERT [dbo].[Country] ([Id], [Name], [Alpha2]) VALUES (16, N'Израиль', N'IL')
INSERT [dbo].[Country] ([Id], [Name], [Alpha2]) VALUES (18, N'Нидерланды', N'NL')
SET IDENTITY_INSERT [dbo].[Country] OFF
SET IDENTITY_INSERT [dbo].[GamePlace] ON 

INSERT [dbo].[GamePlace] ([Id], [Name]) VALUES (1, N'Центральный стадион')
SET IDENTITY_INSERT [dbo].[GamePlace] OFF
SET IDENTITY_INSERT [dbo].[Judge] ON 

INSERT [dbo].[Judge] ([Id], [CityId], [Name], [Surname]) VALUES (1, 1, N'Александр', N'Рысевец')
SET IDENTITY_INSERT [dbo].[Judge] OFF
SET IDENTITY_INSERT [dbo].[Match] ON 

INSERT [dbo].[Match] ([Id], [TournamentId], [GamePlaceId], [WeatherId], [JudgeId], [TeamWinnerId], [StartDate]) VALUES (9, 2, 1, 1, 1, NULL, CAST(N'2017-07-15T00:00:00.000' AS DateTime))
INSERT [dbo].[Match] ([Id], [TournamentId], [GamePlaceId], [WeatherId], [JudgeId], [TeamWinnerId], [StartDate]) VALUES (10, 2, 1, 1, 1, NULL, CAST(N'2017-07-15T00:00:00.000' AS DateTime))
INSERT [dbo].[Match] ([Id], [TournamentId], [GamePlaceId], [WeatherId], [JudgeId], [TeamWinnerId], [StartDate]) VALUES (11, 2, 1, 1, 1, NULL, CAST(N'2017-07-15T00:00:00.000' AS DateTime))
INSERT [dbo].[Match] ([Id], [TournamentId], [GamePlaceId], [WeatherId], [JudgeId], [TeamWinnerId], [StartDate]) VALUES (12, 2, 1, 1, 1, NULL, CAST(N'2017-07-15T00:00:00.000' AS DateTime))
INSERT [dbo].[Match] ([Id], [TournamentId], [GamePlaceId], [WeatherId], [JudgeId], [TeamWinnerId], [StartDate]) VALUES (13, 2, 1, 1, 1, 1, CAST(N'2017-06-10T00:00:00.000' AS DateTime))
INSERT [dbo].[Match] ([Id], [TournamentId], [GamePlaceId], [WeatherId], [JudgeId], [TeamWinnerId], [StartDate]) VALUES (14, 2, 1, 1, 1, 3, CAST(N'2017-06-12T00:00:00.000' AS DateTime))
INSERT [dbo].[Match] ([Id], [TournamentId], [GamePlaceId], [WeatherId], [JudgeId], [TeamWinnerId], [StartDate]) VALUES (15, 2, 1, 1, 1, 1, CAST(N'2017-06-15T00:00:00.000' AS DateTime))
INSERT [dbo].[Match] ([Id], [TournamentId], [GamePlaceId], [WeatherId], [JudgeId], [TeamWinnerId], [StartDate]) VALUES (16, 2, 1, 1, 1, 4, CAST(N'2017-06-17T00:00:00.000' AS DateTime))
SET IDENTITY_INSERT [dbo].[Match] OFF
INSERT [dbo].[MatchTeams] ([MatchId], [TeamId], [Inning1], [Inning2], [Inning3], [Inning4], [Inning5], [Inning6], [Inning7], [Inning8], [Inning9], [R], [H], [E]) VALUES (9, 1, 0, 0, 0, 0, 0, 0, 0, 0, 0, 0, 0, 0)
INSERT [dbo].[MatchTeams] ([MatchId], [TeamId], [Inning1], [Inning2], [Inning3], [Inning4], [Inning5], [Inning6], [Inning7], [Inning8], [Inning9], [R], [H], [E]) VALUES (9, 2, 0, 0, 0, 0, 0, 0, 0, 0, 0, 0, 0, 0)
INSERT [dbo].[MatchTeams] ([MatchId], [TeamId], [Inning1], [Inning2], [Inning3], [Inning4], [Inning5], [Inning6], [Inning7], [Inning8], [Inning9], [R], [H], [E]) VALUES (10, 3, 0, 0, 0, 0, 0, 0, 0, 0, 0, 0, 0, 0)
INSERT [dbo].[MatchTeams] ([MatchId], [TeamId], [Inning1], [Inning2], [Inning3], [Inning4], [Inning5], [Inning6], [Inning7], [Inning8], [Inning9], [R], [H], [E]) VALUES (10, 4, 0, 0, 0, 0, 0, 0, 0, 0, 0, 0, 0, 0)
INSERT [dbo].[MatchTeams] ([MatchId], [TeamId], [Inning1], [Inning2], [Inning3], [Inning4], [Inning5], [Inning6], [Inning7], [Inning8], [Inning9], [R], [H], [E]) VALUES (11, 5, 0, 0, 0, 0, 0, 0, 0, 0, 0, 0, 0, 0)
INSERT [dbo].[MatchTeams] ([MatchId], [TeamId], [Inning1], [Inning2], [Inning3], [Inning4], [Inning5], [Inning6], [Inning7], [Inning8], [Inning9], [R], [H], [E]) VALUES (11, 6, 0, 0, 0, 0, 0, 0, 0, 0, 0, 0, 0, 0)
INSERT [dbo].[MatchTeams] ([MatchId], [TeamId], [Inning1], [Inning2], [Inning3], [Inning4], [Inning5], [Inning6], [Inning7], [Inning8], [Inning9], [R], [H], [E]) VALUES (12, 1, 0, 0, 0, 0, 0, 0, 0, 0, 0, 0, 0, 0)
INSERT [dbo].[MatchTeams] ([MatchId], [TeamId], [Inning1], [Inning2], [Inning3], [Inning4], [Inning5], [Inning6], [Inning7], [Inning8], [Inning9], [R], [H], [E]) VALUES (12, 5, 0, 0, 0, 0, 0, 0, 0, 0, 0, 0, 0, 0)
INSERT [dbo].[MatchTeams] ([MatchId], [TeamId], [Inning1], [Inning2], [Inning3], [Inning4], [Inning5], [Inning6], [Inning7], [Inning8], [Inning9], [R], [H], [E]) VALUES (13, 1, 3, 0, 3, 2, 0, 5, 0, 6, 0, 19, 0, 0)
INSERT [dbo].[MatchTeams] ([MatchId], [TeamId], [Inning1], [Inning2], [Inning3], [Inning4], [Inning5], [Inning6], [Inning7], [Inning8], [Inning9], [R], [H], [E]) VALUES (13, 2, 4, 2, 6, 9, 4, 5, 6, 3, 3, 11, 0, 0)
INSERT [dbo].[MatchTeams] ([MatchId], [TeamId], [Inning1], [Inning2], [Inning3], [Inning4], [Inning5], [Inning6], [Inning7], [Inning8], [Inning9], [R], [H], [E]) VALUES (14, 1, 0, 0, 0, 0, 0, 0, 0, 0, 0, 15, 0, 0)
INSERT [dbo].[MatchTeams] ([MatchId], [TeamId], [Inning1], [Inning2], [Inning3], [Inning4], [Inning5], [Inning6], [Inning7], [Inning8], [Inning9], [R], [H], [E]) VALUES (14, 3, 0, 0, 0, 0, 0, 0, 0, 0, 0, 29, 0, 0)
INSERT [dbo].[MatchTeams] ([MatchId], [TeamId], [Inning1], [Inning2], [Inning3], [Inning4], [Inning5], [Inning6], [Inning7], [Inning8], [Inning9], [R], [H], [E]) VALUES (15, 1, 0, 0, 0, 0, 0, 0, 0, 0, 0, 23, 0, 0)
INSERT [dbo].[MatchTeams] ([MatchId], [TeamId], [Inning1], [Inning2], [Inning3], [Inning4], [Inning5], [Inning6], [Inning7], [Inning8], [Inning9], [R], [H], [E]) VALUES (15, 5, 0, 0, 0, 0, 0, 0, 0, 0, 0, 21, 0, 0)
INSERT [dbo].[MatchTeams] ([MatchId], [TeamId], [Inning1], [Inning2], [Inning3], [Inning4], [Inning5], [Inning6], [Inning7], [Inning8], [Inning9], [R], [H], [E]) VALUES (16, 1, 0, 0, 0, 0, 0, 0, 0, 0, 0, 9, 0, 0)
INSERT [dbo].[MatchTeams] ([MatchId], [TeamId], [Inning1], [Inning2], [Inning3], [Inning4], [Inning5], [Inning6], [Inning7], [Inning8], [Inning9], [R], [H], [E]) VALUES (16, 4, 0, 0, 0, 0, 0, 0, 0, 0, 0, 35, 0, 0)
SET IDENTITY_INSERT [dbo].[NewsItem] ON 

INSERT [dbo].[NewsItem] ([Id], [CategoryId], [Title], [ShortNews], [FullNews], [PubDate], [Image]) VALUES (1, 1, N'By-run Buxton: See first-place Twin fly!', N'Lorem ipsum dolor sit amet, consectetuer adipiscing elit. Aenean commodo ligula eget dolor. Aenean massa. Cum sociis natoque penatibus et magnis dis parturient montes, nascetur rid.', N'Test', CAST(N'2017-04-05T00:00:00.000' AS DateTime), N'test-1.jpg')
INSERT [dbo].[NewsItem] ([Id], [CategoryId], [Title], [ShortNews], [FullNews], [PubDate], [Image]) VALUES (2, 2, N'Red Sox roll after O''s Gausman ejected', N'Lorem ipsum dolor sit amet, consectetuer adipiscing elit. Aenean commodo ligula eget dolor. Aenean massa. Cum sociis natoque penatibus et magnis dis parturient montes, nascetur rid.', N'Test', CAST(N'2017-04-11T00:00:00.000' AS DateTime), N'test-2.jpg')
INSERT [dbo].[NewsItem] ([Id], [CategoryId], [Title], [ShortNews], [FullNews], [PubDate], [Image]) VALUES (3, 1, N'Just like old times, Vin Scully returned', N'Lorem ipsum dolor sit amet, consectetuer adipiscing elit. Aenean commodo ligula eget dolor. Aenean massa. Cum sociis natoque penatibus et magnis dis parturient montes, nascetur rid.', N'Test', CAST(N'2017-04-22T00:00:00.000' AS DateTime), N'test-3.jpg')
INSERT [dbo].[NewsItem] ([Id], [CategoryId], [Title], [ShortNews], [FullNews], [PubDate], [Image]) VALUES (4, 2, N'By-run Buxton: See first-place Twin fly!', N'Lorem ipsum dolor sit amet, consectetuer adipiscing elit. Aenean commodo ligula eget dolor. Aenean massa. Cum sociis natoque penatibus et magnis dis parturient montes, nascetur rid.', N'Test', CAST(N'2017-05-15T00:00:00.000' AS DateTime), N'test-1.jpg')
INSERT [dbo].[NewsItem] ([Id], [CategoryId], [Title], [ShortNews], [FullNews], [PubDate], [Image]) VALUES (5, 1, N'Red Sox roll after O''s Gausman ejected', N'Lorem ipsum dolor sit amet, consectetuer adipiscing elit. Aenean commodo ligula eget dolor. Aenean massa. Cum sociis natoque penatibus et magnis dis parturient montes, nascetur rid.', N'Test', CAST(N'2017-05-19T00:00:00.000' AS DateTime), N'test-2.jpg')
INSERT [dbo].[NewsItem] ([Id], [CategoryId], [Title], [ShortNews], [FullNews], [PubDate], [Image]) VALUES (6, 2, N'Just like old times, Vin Scully returned', N'Lorem ipsum dolor sit amet, consectetuer adipiscing elit. Aenean commodo ligula eget dolor. Aenean massa. Cum sociis natoque penatibus et magnis dis parturient montes, nascetur rid.', N'Test', CAST(N'2017-05-21T00:00:00.000' AS DateTime), N'test-3.jpg')
SET IDENTITY_INSERT [dbo].[NewsItem] OFF
INSERT [dbo].[NewsSlide] ([Id]) VALUES (1)
INSERT [dbo].[NewsSlide] ([Id]) VALUES (2)
INSERT [dbo].[NewsSlide] ([Id]) VALUES (3)
SET IDENTITY_INSERT [dbo].[Partner] ON 

INSERT [dbo].[Partner] ([Id], [Name], [Url], [Logo]) VALUES (1, N'Американская транснациональная компания', N'http://www.cis.visa.com', N'test-partner-1.png')
INSERT [dbo].[Partner] ([Id], [Name], [Url], [Logo]) VALUES (2, N'Международная платёжная система', N'https://www.mastercard.us', N'test-partner-2.png')
SET IDENTITY_INSERT [dbo].[Partner] OFF
SET IDENTITY_INSERT [dbo].[Player] ON 

INSERT [dbo].[Player] ([Id], [CityId], [PositionId], [TeamId], [Name], [Surname], [Birthday], [Number], [Height], [Weight], [Attack], [Protection], [MainRoster], [Photo], [DebutMajorLeague], [PlaceOfStudy]) VALUES (6, 1, 1, 1, N'Александр', N'Сечко', CAST(N'2009-05-14T00:00:00.000' AS DateTime), 1, 175, 77, N'Л', N'Л', 1, NULL, NULL, N'4646')
INSERT [dbo].[Player] ([Id], [CityId], [PositionId], [TeamId], [Name], [Surname], [Birthday], [Number], [Height], [Weight], [Attack], [Protection], [MainRoster], [Photo], [DebutMajorLeague], [PlaceOfStudy]) VALUES (7, 1, 2, 1, N'Евгений', N'Королевич', CAST(N'2015-02-12T00:00:00.000' AS DateTime), 2, 177, 72, N'Л', N'П', 1, NULL, NULL, NULL)
INSERT [dbo].[Player] ([Id], [CityId], [PositionId], [TeamId], [Name], [Surname], [Birthday], [Number], [Height], [Weight], [Attack], [Protection], [MainRoster], [Photo], [DebutMajorLeague], [PlaceOfStudy]) VALUES (8, 1, 3, 1, N'Антон', N'Припутневич', CAST(N'1991-06-11T00:00:00.000' AS DateTime), 3, 166, 72, N'Л', N'C', 1, NULL, NULL, NULL)
INSERT [dbo].[Player] ([Id], [CityId], [PositionId], [TeamId], [Name], [Surname], [Birthday], [Number], [Height], [Weight], [Attack], [Protection], [MainRoster], [Photo], [DebutMajorLeague], [PlaceOfStudy]) VALUES (9, 1, 4, 1, N'Евгений', N'Кисляков', CAST(N'1993-02-06T00:00:00.000' AS DateTime), 4, 177, 65, N'C', N'C', 1, NULL, NULL, NULL)
INSERT [dbo].[Player] ([Id], [CityId], [PositionId], [TeamId], [Name], [Surname], [Birthday], [Number], [Height], [Weight], [Attack], [Protection], [MainRoster], [Photo], [DebutMajorLeague], [PlaceOfStudy]) VALUES (10, 1, 5, 1, N'Андрей', N'Лось', CAST(N'1990-08-14T00:00:00.000' AS DateTime), 5, 177, 68, N'П', N'П', 1, NULL, NULL, NULL)
INSERT [dbo].[Player] ([Id], [CityId], [PositionId], [TeamId], [Name], [Surname], [Birthday], [Number], [Height], [Weight], [Attack], [Protection], [MainRoster], [Photo], [DebutMajorLeague], [PlaceOfStudy]) VALUES (11, 1, 6, 1, N'Дмитрий', N'Демьяненко', CAST(N'1999-05-28T00:00:00.000' AS DateTime), 6, 165, 65, N'C', N'C', 1, NULL, NULL, NULL)
INSERT [dbo].[Player] ([Id], [CityId], [PositionId], [TeamId], [Name], [Surname], [Birthday], [Number], [Height], [Weight], [Attack], [Protection], [MainRoster], [Photo], [DebutMajorLeague], [PlaceOfStudy]) VALUES (12, 1, 7, 1, N'Артём', N'Рудинский', CAST(N'1998-10-15T00:00:00.000' AS DateTime), 7, 182, 85, N'C', N'C', 1, NULL, NULL, NULL)
INSERT [dbo].[Player] ([Id], [CityId], [PositionId], [TeamId], [Name], [Surname], [Birthday], [Number], [Height], [Weight], [Attack], [Protection], [MainRoster], [Photo], [DebutMajorLeague], [PlaceOfStudy]) VALUES (13, 1, 8, 1, N'Дмитрий', N'Гидлевский', CAST(N'1994-05-13T00:00:00.000' AS DateTime), 8, 173, 77, N'Л', N'П', 1, NULL, NULL, NULL)
INSERT [dbo].[Player] ([Id], [CityId], [PositionId], [TeamId], [Name], [Surname], [Birthday], [Number], [Height], [Weight], [Attack], [Protection], [MainRoster], [Photo], [DebutMajorLeague], [PlaceOfStudy]) VALUES (14, 1, 9, 1, N'Сергей', N'Сокол', CAST(N'1990-04-02T00:00:00.000' AS DateTime), 9, 175, 79, N'Л', N'C', 1, NULL, NULL, NULL)
INSERT [dbo].[Player] ([Id], [CityId], [PositionId], [TeamId], [Name], [Surname], [Birthday], [Number], [Height], [Weight], [Attack], [Protection], [MainRoster], [Photo], [DebutMajorLeague], [PlaceOfStudy]) VALUES (20, 1, 1, 2, N'Александр', N'Сечко', CAST(N'1967-01-11T00:00:00.000' AS DateTime), 1, 175, 77, N'C', N'C', 1, NULL, NULL, NULL)
INSERT [dbo].[Player] ([Id], [CityId], [PositionId], [TeamId], [Name], [Surname], [Birthday], [Number], [Height], [Weight], [Attack], [Protection], [MainRoster], [Photo], [DebutMajorLeague], [PlaceOfStudy]) VALUES (21, 1, 2, 2, N'Евгений', N'Королевич', CAST(N'1989-10-20T00:00:00.000' AS DateTime), 2, 177, 72, N'C', N'П', 1, NULL, NULL, NULL)
INSERT [dbo].[Player] ([Id], [CityId], [PositionId], [TeamId], [Name], [Surname], [Birthday], [Number], [Height], [Weight], [Attack], [Protection], [MainRoster], [Photo], [DebutMajorLeague], [PlaceOfStudy]) VALUES (22, 1, 3, 2, N'Антон', N'Припутневич', CAST(N'1991-06-11T00:00:00.000' AS DateTime), 3, 166, 72, N'Л', N'C', 1, NULL, NULL, NULL)
INSERT [dbo].[Player] ([Id], [CityId], [PositionId], [TeamId], [Name], [Surname], [Birthday], [Number], [Height], [Weight], [Attack], [Protection], [MainRoster], [Photo], [DebutMajorLeague], [PlaceOfStudy]) VALUES (23, 1, 4, 2, N'Евгений', N'Кисляков', CAST(N'1991-06-11T00:00:00.000' AS DateTime), 4, 177, 65, N'П', N'П', 1, NULL, NULL, NULL)
INSERT [dbo].[Player] ([Id], [CityId], [PositionId], [TeamId], [Name], [Surname], [Birthday], [Number], [Height], [Weight], [Attack], [Protection], [MainRoster], [Photo], [DebutMajorLeague], [PlaceOfStudy]) VALUES (24, 1, 5, 2, N'Андрей', N'Лось', CAST(N'1990-08-14T00:00:00.000' AS DateTime), 5, 177, 68, N'C', N'П', 1, NULL, NULL, NULL)
INSERT [dbo].[Player] ([Id], [CityId], [PositionId], [TeamId], [Name], [Surname], [Birthday], [Number], [Height], [Weight], [Attack], [Protection], [MainRoster], [Photo], [DebutMajorLeague], [PlaceOfStudy]) VALUES (25, 1, 6, 2, N'Дмитрий', N'Демьяненко', CAST(N'1999-05-28T00:00:00.000' AS DateTime), 6, 165, 65, N'C', N'C', 1, NULL, NULL, NULL)
INSERT [dbo].[Player] ([Id], [CityId], [PositionId], [TeamId], [Name], [Surname], [Birthday], [Number], [Height], [Weight], [Attack], [Protection], [MainRoster], [Photo], [DebutMajorLeague], [PlaceOfStudy]) VALUES (26, 1, 7, 2, N'Артём', N'Рудинский', CAST(N'1998-10-15T00:00:00.000' AS DateTime), 7, 182, 85, N'C', N'C', 1, NULL, NULL, NULL)
INSERT [dbo].[Player] ([Id], [CityId], [PositionId], [TeamId], [Name], [Surname], [Birthday], [Number], [Height], [Weight], [Attack], [Protection], [MainRoster], [Photo], [DebutMajorLeague], [PlaceOfStudy]) VALUES (27, 1, 8, 2, N'Дмитрий1', N'Гидлевский', CAST(N'1994-05-13T00:00:00.000' AS DateTime), 8, 173, 77, N'Л', N'П', 1, N'baseball-15012467605769.jpg', NULL, NULL)
SET IDENTITY_INSERT [dbo].[Player] OFF
SET IDENTITY_INSERT [dbo].[Position] ON 

INSERT [dbo].[Position] ([Id], [Name], [Abbreviation]) VALUES (1, N'Подающий', N'P')
INSERT [dbo].[Position] ([Id], [Name], [Abbreviation]) VALUES (2, N'Ловящий', N'C')
INSERT [dbo].[Position] ([Id], [Name], [Abbreviation]) VALUES (3, N'Первая база', N'1B')
INSERT [dbo].[Position] ([Id], [Name], [Abbreviation]) VALUES (4, N'Вторая база', N'2B')
INSERT [dbo].[Position] ([Id], [Name], [Abbreviation]) VALUES (5, N'Третья база', N'3B')
INSERT [dbo].[Position] ([Id], [Name], [Abbreviation]) VALUES (6, N'Шортстоп', N'SS')
INSERT [dbo].[Position] ([Id], [Name], [Abbreviation]) VALUES (7, N'Правый аутфилдер', N'RF')
INSERT [dbo].[Position] ([Id], [Name], [Abbreviation]) VALUES (8, N'Левый аутфилдер', N'LF')
INSERT [dbo].[Position] ([Id], [Name], [Abbreviation]) VALUES (9, N'Центральный аутфилдер', N'CF')
SET IDENTITY_INSERT [dbo].[Position] OFF
SET IDENTITY_INSERT [dbo].[Team] ON 

INSERT [dbo].[Team] ([Id], [CityId], [Name], [FullName], [Coach], [Logo], [BackgroundImage]) VALUES (1, 1, N'Минск', N'БК Минск', N'ЛОЛ', N'minsk.png', NULL)
INSERT [dbo].[Team] ([Id], [CityId], [Name], [FullName], [Coach], [Logo], [BackgroundImage]) VALUES (2, 1, N'Феникс', N'БК Феникс', N'ЛОЛ', N'phoenix.png', N'default-bg-15010850732631.jpg')
INSERT [dbo].[Team] ([Id], [CityId], [Name], [FullName], [Coach], [Logo], [BackgroundImage]) VALUES (3, 2, N'RedSox', N'Boston Red Sox', N'ЛОЛ', N'redsox.png', N'phoenix-bg.jpg')
INSERT [dbo].[Team] ([Id], [CityId], [Name], [FullName], [Coach], [Logo], [BackgroundImage]) VALUES (4, 2, N'Rangers', N'Texas Rangers', N'ЛОЛ', N'rangers.png', N'phoenix-bg.jpg')
INSERT [dbo].[Team] ([Id], [CityId], [Name], [FullName], [Coach], [Logo], [BackgroundImage]) VALUES (5, 1, N'BlueJays', N'Toronto Blue Jays', N'ЛОЛ', N'bluejays.png', N'123.jpeg')
INSERT [dbo].[Team] ([Id], [CityId], [Name], [FullName], [Coach], [Logo], [BackgroundImage]) VALUES (6, 2, N'Dodgers', N'Los Angeles Dodgers', N'ЛОЛ', N'215-dodgers-150108440796806.png', N'Слой 0-150004705554243.png')
INSERT [dbo].[Team] ([Id], [CityId], [Name], [FullName], [Coach], [Logo], [BackgroundImage]) VALUES (16, NULL, N'ччч', N'ччч', NULL, N'Слой 0-150125035486374.png', N'baseball-150125035490877.jpg')
SET IDENTITY_INSERT [dbo].[Team] OFF
SET IDENTITY_INSERT [dbo].[TeamStats] ON 

INSERT [dbo].[TeamStats] ([Id], [TeamId], [Year], [Victories], [Defeats]) VALUES (1, 1, 2016, 5, 3)
INSERT [dbo].[TeamStats] ([Id], [TeamId], [Year], [Victories], [Defeats]) VALUES (2, 1, 2017, 10, 4)
INSERT [dbo].[TeamStats] ([Id], [TeamId], [Year], [Victories], [Defeats]) VALUES (3, 1, 2015, 7, 4)
INSERT [dbo].[TeamStats] ([Id], [TeamId], [Year], [Victories], [Defeats]) VALUES (4, 2, 2017, 18, 4)
INSERT [dbo].[TeamStats] ([Id], [TeamId], [Year], [Victories], [Defeats]) VALUES (5, 3, 2017, 17, 4)
INSERT [dbo].[TeamStats] ([Id], [TeamId], [Year], [Victories], [Defeats]) VALUES (6, 4, 2017, 6, 4)
INSERT [dbo].[TeamStats] ([Id], [TeamId], [Year], [Victories], [Defeats]) VALUES (7, 5, 2017, 10, 4)
INSERT [dbo].[TeamStats] ([Id], [TeamId], [Year], [Victories], [Defeats]) VALUES (8, 6, 2017, 3, 9)
SET IDENTITY_INSERT [dbo].[TeamStats] OFF
SET IDENTITY_INSERT [dbo].[Tournament] ON 

INSERT [dbo].[Tournament] ([Id], [JudgeId], [Name], [Description], [StartDate], [EndDate], [Logo]) VALUES (2, 1, N'Major League Baseball', N'Major League Baseball (MLB) is a professional baseball organization, the oldest of the four major professional sports leagues in the United States and Canada. A total of 30 teams now play in the National League (NL) and American League (AL), with 15 teams in each league. The NL and AL operated as separate legal entities from 1876 and 1901 respectively.', CAST(N'2017-05-23T00:00:00.000' AS DateTime), CAST(N'2017-07-23T00:00:00.000' AS DateTime), N'test-mlb.png')
INSERT [dbo].[Tournament] ([Id], [JudgeId], [Name], [Description], [StartDate], [EndDate], [Logo]) VALUES (3, 1, N'Continetal Cup', NULL, CAST(N'2017-06-20T00:00:00.000' AS DateTime), CAST(N'2017-06-20T00:00:00.000' AS DateTime), NULL)
SET IDENTITY_INSERT [dbo].[Tournament] OFF
INSERT [dbo].[TournamentTeams] ([TournamentId], [TeamId], [Place], [Victories], [Defeats]) VALUES (2, 1, NULL, 15, 7)
INSERT [dbo].[TournamentTeams] ([TournamentId], [TeamId], [Place], [Victories], [Defeats]) VALUES (2, 2, NULL, 5, 9)
INSERT [dbo].[TournamentTeams] ([TournamentId], [TeamId], [Place], [Victories], [Defeats]) VALUES (2, 3, NULL, 5, 5)
INSERT [dbo].[TournamentTeams] ([TournamentId], [TeamId], [Place], [Victories], [Defeats]) VALUES (2, 4, NULL, 5, 5)
INSERT [dbo].[TournamentTeams] ([TournamentId], [TeamId], [Place], [Victories], [Defeats]) VALUES (2, 5, NULL, 5, 5)
INSERT [dbo].[TournamentTeams] ([TournamentId], [TeamId], [Place], [Victories], [Defeats]) VALUES (2, 6, NULL, 5, 5)
INSERT [dbo].[TournamentTeams] ([TournamentId], [TeamId], [Place], [Victories], [Defeats]) VALUES (3, 1, 1, 12, 0)
SET IDENTITY_INSERT [dbo].[VideoCategory] ON 

INSERT [dbo].[VideoCategory] ([Id], [Name]) VALUES (1, N'MLB')
INSERT [dbo].[VideoCategory] ([Id], [Name]) VALUES (2, N'Хайлайты')
INSERT [dbo].[VideoCategory] ([Id], [Name]) VALUES (3, N'Обучающее видео')
SET IDENTITY_INSERT [dbo].[VideoCategory] OFF
SET IDENTITY_INSERT [dbo].[VideoSlide] ON 

INSERT [dbo].[VideoSlide] ([Id], [VideoCategoryId], [Name], [Url], [Image]) VALUES (1, 1, N'Flight of DJI Phantom', N'https://www.youtube.com/watch?v=XE0fU9PCrWE', N'test-video-1.jpg')
INSERT [dbo].[VideoSlide] ([Id], [VideoCategoryId], [Name], [Url], [Image]) VALUES (2, 2, N'MLB | 2016 - Best Moments', N'https://www.youtube.com/watch?v=XE0fU9PCrWE', N'test-video-2.jpg')
INSERT [dbo].[VideoSlide] ([Id], [VideoCategoryId], [Name], [Url], [Image]) VALUES (3, 2, N'Flight of DJI Phantom', N'https://www.youtube.com/watch?v=XE0fU9PCrWE', N'test-video-3.jpg')
INSERT [dbo].[VideoSlide] ([Id], [VideoCategoryId], [Name], [Url], [Image]) VALUES (4, 3, N'MLB | 2016 - Best Moments', N'https://www.youtube.com/watch?v=XE0fU9PCrWE', N'test-video-6.jpg')
INSERT [dbo].[VideoSlide] ([Id], [VideoCategoryId], [Name], [Url], [Image]) VALUES (5, 1, N'Flight of DJI Phantom', N'https://www.youtube.com/watch?v=XE0fU9PCrWE', N'test-video-5.jpg')
INSERT [dbo].[VideoSlide] ([Id], [VideoCategoryId], [Name], [Url], [Image]) VALUES (6, 2, N'MLB | 2016 - Best Moments', N'https://www.youtube.com/watch?v=XE0fU9PCrWE', N'test-video-6.jpg')
SET IDENTITY_INSERT [dbo].[VideoSlide] OFF
SET IDENTITY_INSERT [dbo].[Weather] ON 

INSERT [dbo].[Weather] ([Id], [Name]) VALUES (1, N'Солнечно')
SET IDENTITY_INSERT [dbo].[Weather] OFF
INSERT [dbo].[WidgetNextMatch] ([Id]) VALUES (12)
/****** Object:  Index [IX_TeamId]    Script Date: 11/13/2017 12:07:51 AM ******/
CREATE NONCLUSTERED INDEX [IX_TeamId] ON [dbo].[Achievement]
(
	[TeamId] ASC
)WITH (PAD_INDEX = OFF, STATISTICS_NORECOMPUTE = OFF, SORT_IN_TEMPDB = OFF, DROP_EXISTING = OFF, ONLINE = OFF, ALLOW_ROW_LOCKS = ON, ALLOW_PAGE_LOCKS = ON) ON [PRIMARY]
GO
SET ANSI_PADDING ON
GO
/****** Object:  Index [RoleNameIndex]    Script Date: 11/13/2017 12:07:51 AM ******/
CREATE UNIQUE NONCLUSTERED INDEX [RoleNameIndex] ON [dbo].[AspNetRoles]
(
	[Name] ASC
)WITH (PAD_INDEX = OFF, STATISTICS_NORECOMPUTE = OFF, SORT_IN_TEMPDB = OFF, IGNORE_DUP_KEY = OFF, DROP_EXISTING = OFF, ONLINE = OFF, ALLOW_ROW_LOCKS = ON, ALLOW_PAGE_LOCKS = ON) ON [PRIMARY]
GO
SET ANSI_PADDING ON
GO
/****** Object:  Index [IX_UserId]    Script Date: 11/13/2017 12:07:51 AM ******/
CREATE NONCLUSTERED INDEX [IX_UserId] ON [dbo].[AspNetUserClaims]
(
	[UserId] ASC
)WITH (PAD_INDEX = OFF, STATISTICS_NORECOMPUTE = OFF, SORT_IN_TEMPDB = OFF, DROP_EXISTING = OFF, ONLINE = OFF, ALLOW_ROW_LOCKS = ON, ALLOW_PAGE_LOCKS = ON) ON [PRIMARY]
GO
SET ANSI_PADDING ON
GO
/****** Object:  Index [IX_UserId]    Script Date: 11/13/2017 12:07:51 AM ******/
CREATE NONCLUSTERED INDEX [IX_UserId] ON [dbo].[AspNetUserLogins]
(
	[UserId] ASC
)WITH (PAD_INDEX = OFF, STATISTICS_NORECOMPUTE = OFF, SORT_IN_TEMPDB = OFF, DROP_EXISTING = OFF, ONLINE = OFF, ALLOW_ROW_LOCKS = ON, ALLOW_PAGE_LOCKS = ON) ON [PRIMARY]
GO
SET ANSI_PADDING ON
GO
/****** Object:  Index [IX_RoleId]    Script Date: 11/13/2017 12:07:51 AM ******/
CREATE NONCLUSTERED INDEX [IX_RoleId] ON [dbo].[AspNetUserRoles]
(
	[RoleId] ASC
)WITH (PAD_INDEX = OFF, STATISTICS_NORECOMPUTE = OFF, SORT_IN_TEMPDB = OFF, DROP_EXISTING = OFF, ONLINE = OFF, ALLOW_ROW_LOCKS = ON, ALLOW_PAGE_LOCKS = ON) ON [PRIMARY]
GO
SET ANSI_PADDING ON
GO
/****** Object:  Index [IX_UserId]    Script Date: 11/13/2017 12:07:51 AM ******/
CREATE NONCLUSTERED INDEX [IX_UserId] ON [dbo].[AspNetUserRoles]
(
	[UserId] ASC
)WITH (PAD_INDEX = OFF, STATISTICS_NORECOMPUTE = OFF, SORT_IN_TEMPDB = OFF, DROP_EXISTING = OFF, ONLINE = OFF, ALLOW_ROW_LOCKS = ON, ALLOW_PAGE_LOCKS = ON) ON [PRIMARY]
GO
SET ANSI_PADDING ON
GO
/****** Object:  Index [UserNameIndex]    Script Date: 11/13/2017 12:07:51 AM ******/
CREATE UNIQUE NONCLUSTERED INDEX [UserNameIndex] ON [dbo].[AspNetUsers]
(
	[UserName] ASC
)WITH (PAD_INDEX = OFF, STATISTICS_NORECOMPUTE = OFF, SORT_IN_TEMPDB = OFF, IGNORE_DUP_KEY = OFF, DROP_EXISTING = OFF, ONLINE = OFF, ALLOW_ROW_LOCKS = ON, ALLOW_PAGE_LOCKS = ON) ON [PRIMARY]
GO
/****** Object:  Index [IX_CountryId]    Script Date: 11/13/2017 12:07:51 AM ******/
CREATE NONCLUSTERED INDEX [IX_CountryId] ON [dbo].[City]
(
	[CountryId] ASC
)WITH (PAD_INDEX = OFF, STATISTICS_NORECOMPUTE = OFF, SORT_IN_TEMPDB = OFF, DROP_EXISTING = OFF, ONLINE = OFF, ALLOW_ROW_LOCKS = ON, ALLOW_PAGE_LOCKS = ON) ON [PRIMARY]
GO
/****** Object:  Index [IX_CityId]    Script Date: 11/13/2017 12:07:51 AM ******/
CREATE NONCLUSTERED INDEX [IX_CityId] ON [dbo].[Judge]
(
	[CityId] ASC
)WITH (PAD_INDEX = OFF, STATISTICS_NORECOMPUTE = OFF, SORT_IN_TEMPDB = OFF, DROP_EXISTING = OFF, ONLINE = OFF, ALLOW_ROW_LOCKS = ON, ALLOW_PAGE_LOCKS = ON) ON [PRIMARY]
GO
/****** Object:  Index [IX_GamePlaceId]    Script Date: 11/13/2017 12:07:51 AM ******/
CREATE NONCLUSTERED INDEX [IX_GamePlaceId] ON [dbo].[Match]
(
	[GamePlaceId] ASC
)WITH (PAD_INDEX = OFF, STATISTICS_NORECOMPUTE = OFF, SORT_IN_TEMPDB = OFF, DROP_EXISTING = OFF, ONLINE = OFF, ALLOW_ROW_LOCKS = ON, ALLOW_PAGE_LOCKS = ON) ON [PRIMARY]
GO
/****** Object:  Index [IX_JudgeId]    Script Date: 11/13/2017 12:07:51 AM ******/
CREATE NONCLUSTERED INDEX [IX_JudgeId] ON [dbo].[Match]
(
	[JudgeId] ASC
)WITH (PAD_INDEX = OFF, STATISTICS_NORECOMPUTE = OFF, SORT_IN_TEMPDB = OFF, DROP_EXISTING = OFF, ONLINE = OFF, ALLOW_ROW_LOCKS = ON, ALLOW_PAGE_LOCKS = ON) ON [PRIMARY]
GO
/****** Object:  Index [IX_TeamWinnerId]    Script Date: 11/13/2017 12:07:51 AM ******/
CREATE NONCLUSTERED INDEX [IX_TeamWinnerId] ON [dbo].[Match]
(
	[TeamWinnerId] ASC
)WITH (PAD_INDEX = OFF, STATISTICS_NORECOMPUTE = OFF, SORT_IN_TEMPDB = OFF, DROP_EXISTING = OFF, ONLINE = OFF, ALLOW_ROW_LOCKS = ON, ALLOW_PAGE_LOCKS = ON) ON [PRIMARY]
GO
/****** Object:  Index [IX_TournamentId]    Script Date: 11/13/2017 12:07:51 AM ******/
CREATE NONCLUSTERED INDEX [IX_TournamentId] ON [dbo].[Match]
(
	[TournamentId] ASC
)WITH (PAD_INDEX = OFF, STATISTICS_NORECOMPUTE = OFF, SORT_IN_TEMPDB = OFF, DROP_EXISTING = OFF, ONLINE = OFF, ALLOW_ROW_LOCKS = ON, ALLOW_PAGE_LOCKS = ON) ON [PRIMARY]
GO
/****** Object:  Index [IX_WeatherId]    Script Date: 11/13/2017 12:07:51 AM ******/
CREATE NONCLUSTERED INDEX [IX_WeatherId] ON [dbo].[Match]
(
	[WeatherId] ASC
)WITH (PAD_INDEX = OFF, STATISTICS_NORECOMPUTE = OFF, SORT_IN_TEMPDB = OFF, DROP_EXISTING = OFF, ONLINE = OFF, ALLOW_ROW_LOCKS = ON, ALLOW_PAGE_LOCKS = ON) ON [PRIMARY]
GO
/****** Object:  Index [IX_MatchId]    Script Date: 11/13/2017 12:07:51 AM ******/
CREATE NONCLUSTERED INDEX [IX_MatchId] ON [dbo].[MatchTeams]
(
	[MatchId] ASC
)WITH (PAD_INDEX = OFF, STATISTICS_NORECOMPUTE = OFF, SORT_IN_TEMPDB = OFF, DROP_EXISTING = OFF, ONLINE = OFF, ALLOW_ROW_LOCKS = ON, ALLOW_PAGE_LOCKS = ON) ON [PRIMARY]
GO
/****** Object:  Index [IX_TeamId]    Script Date: 11/13/2017 12:07:51 AM ******/
CREATE NONCLUSTERED INDEX [IX_TeamId] ON [dbo].[MatchTeams]
(
	[TeamId] ASC
)WITH (PAD_INDEX = OFF, STATISTICS_NORECOMPUTE = OFF, SORT_IN_TEMPDB = OFF, DROP_EXISTING = OFF, ONLINE = OFF, ALLOW_ROW_LOCKS = ON, ALLOW_PAGE_LOCKS = ON) ON [PRIMARY]
GO
/****** Object:  Index [IX_CategoryId]    Script Date: 11/13/2017 12:07:51 AM ******/
CREATE NONCLUSTERED INDEX [IX_CategoryId] ON [dbo].[NewsItem]
(
	[CategoryId] ASC
)WITH (PAD_INDEX = OFF, STATISTICS_NORECOMPUTE = OFF, SORT_IN_TEMPDB = OFF, DROP_EXISTING = OFF, ONLINE = OFF, ALLOW_ROW_LOCKS = ON, ALLOW_PAGE_LOCKS = ON) ON [PRIMARY]
GO
/****** Object:  Index [IX_Id]    Script Date: 11/13/2017 12:07:51 AM ******/
CREATE NONCLUSTERED INDEX [IX_Id] ON [dbo].[NewsSlide]
(
	[Id] ASC
)WITH (PAD_INDEX = OFF, STATISTICS_NORECOMPUTE = OFF, SORT_IN_TEMPDB = OFF, DROP_EXISTING = OFF, ONLINE = OFF, ALLOW_ROW_LOCKS = ON, ALLOW_PAGE_LOCKS = ON) ON [PRIMARY]
GO
/****** Object:  Index [IX_CityId]    Script Date: 11/13/2017 12:07:51 AM ******/
CREATE NONCLUSTERED INDEX [IX_CityId] ON [dbo].[Player]
(
	[CityId] ASC
)WITH (PAD_INDEX = OFF, STATISTICS_NORECOMPUTE = OFF, SORT_IN_TEMPDB = OFF, DROP_EXISTING = OFF, ONLINE = OFF, ALLOW_ROW_LOCKS = ON, ALLOW_PAGE_LOCKS = ON) ON [PRIMARY]
GO
/****** Object:  Index [IX_PositionId]    Script Date: 11/13/2017 12:07:51 AM ******/
CREATE NONCLUSTERED INDEX [IX_PositionId] ON [dbo].[Player]
(
	[PositionId] ASC
)WITH (PAD_INDEX = OFF, STATISTICS_NORECOMPUTE = OFF, SORT_IN_TEMPDB = OFF, DROP_EXISTING = OFF, ONLINE = OFF, ALLOW_ROW_LOCKS = ON, ALLOW_PAGE_LOCKS = ON) ON [PRIMARY]
GO
/****** Object:  Index [IX_TeamId]    Script Date: 11/13/2017 12:07:51 AM ******/
CREATE NONCLUSTERED INDEX [IX_TeamId] ON [dbo].[Player]
(
	[TeamId] ASC
)WITH (PAD_INDEX = OFF, STATISTICS_NORECOMPUTE = OFF, SORT_IN_TEMPDB = OFF, DROP_EXISTING = OFF, ONLINE = OFF, ALLOW_ROW_LOCKS = ON, ALLOW_PAGE_LOCKS = ON) ON [PRIMARY]
GO
/****** Object:  Index [IX_CityId]    Script Date: 11/13/2017 12:07:51 AM ******/
CREATE NONCLUSTERED INDEX [IX_CityId] ON [dbo].[Team]
(
	[CityId] ASC
)WITH (PAD_INDEX = OFF, STATISTICS_NORECOMPUTE = OFF, SORT_IN_TEMPDB = OFF, DROP_EXISTING = OFF, ONLINE = OFF, ALLOW_ROW_LOCKS = ON, ALLOW_PAGE_LOCKS = ON) ON [PRIMARY]
GO
/****** Object:  Index [IX_TeamId]    Script Date: 11/13/2017 12:07:51 AM ******/
CREATE NONCLUSTERED INDEX [IX_TeamId] ON [dbo].[TeamStats]
(
	[TeamId] ASC
)WITH (PAD_INDEX = OFF, STATISTICS_NORECOMPUTE = OFF, SORT_IN_TEMPDB = OFF, DROP_EXISTING = OFF, ONLINE = OFF, ALLOW_ROW_LOCKS = ON, ALLOW_PAGE_LOCKS = ON) ON [PRIMARY]
GO
/****** Object:  Index [IX_JudgeId]    Script Date: 11/13/2017 12:07:51 AM ******/
CREATE NONCLUSTERED INDEX [IX_JudgeId] ON [dbo].[Tournament]
(
	[JudgeId] ASC
)WITH (PAD_INDEX = OFF, STATISTICS_NORECOMPUTE = OFF, SORT_IN_TEMPDB = OFF, DROP_EXISTING = OFF, ONLINE = OFF, ALLOW_ROW_LOCKS = ON, ALLOW_PAGE_LOCKS = ON) ON [PRIMARY]
GO
/****** Object:  Index [IX_TeamId]    Script Date: 11/13/2017 12:07:51 AM ******/
CREATE NONCLUSTERED INDEX [IX_TeamId] ON [dbo].[TournamentTeams]
(
	[TeamId] ASC
)WITH (PAD_INDEX = OFF, STATISTICS_NORECOMPUTE = OFF, SORT_IN_TEMPDB = OFF, DROP_EXISTING = OFF, ONLINE = OFF, ALLOW_ROW_LOCKS = ON, ALLOW_PAGE_LOCKS = ON) ON [PRIMARY]
GO
/****** Object:  Index [IX_TournamentId]    Script Date: 11/13/2017 12:07:51 AM ******/
CREATE NONCLUSTERED INDEX [IX_TournamentId] ON [dbo].[TournamentTeams]
(
	[TournamentId] ASC
)WITH (PAD_INDEX = OFF, STATISTICS_NORECOMPUTE = OFF, SORT_IN_TEMPDB = OFF, DROP_EXISTING = OFF, ONLINE = OFF, ALLOW_ROW_LOCKS = ON, ALLOW_PAGE_LOCKS = ON) ON [PRIMARY]
GO
/****** Object:  Index [IX_VideoCategoryId]    Script Date: 11/13/2017 12:07:51 AM ******/
CREATE NONCLUSTERED INDEX [IX_VideoCategoryId] ON [dbo].[VideoSlide]
(
	[VideoCategoryId] ASC
)WITH (PAD_INDEX = OFF, STATISTICS_NORECOMPUTE = OFF, SORT_IN_TEMPDB = OFF, DROP_EXISTING = OFF, ONLINE = OFF, ALLOW_ROW_LOCKS = ON, ALLOW_PAGE_LOCKS = ON) ON [PRIMARY]
GO
/****** Object:  Index [IX_Id]    Script Date: 11/13/2017 12:07:51 AM ******/
CREATE NONCLUSTERED INDEX [IX_Id] ON [dbo].[WidgetNextMatch]
(
	[Id] ASC
)WITH (PAD_INDEX = OFF, STATISTICS_NORECOMPUTE = OFF, SORT_IN_TEMPDB = OFF, DROP_EXISTING = OFF, ONLINE = OFF, ALLOW_ROW_LOCKS = ON, ALLOW_PAGE_LOCKS = ON) ON [PRIMARY]
GO
ALTER TABLE [dbo].[Achievement]  WITH CHECK ADD  CONSTRAINT [FK_dbo.Achievement_dbo.Team_TeamId] FOREIGN KEY([TeamId])
REFERENCES [dbo].[Team] ([Id])
GO
ALTER TABLE [dbo].[Achievement] CHECK CONSTRAINT [FK_dbo.Achievement_dbo.Team_TeamId]
GO
ALTER TABLE [dbo].[AspNetUserClaims]  WITH CHECK ADD  CONSTRAINT [FK_dbo.AspNetUserClaims_dbo.AspNetUsers_UserId] FOREIGN KEY([UserId])
REFERENCES [dbo].[AspNetUsers] ([Id])
ON DELETE CASCADE
GO
ALTER TABLE [dbo].[AspNetUserClaims] CHECK CONSTRAINT [FK_dbo.AspNetUserClaims_dbo.AspNetUsers_UserId]
GO
ALTER TABLE [dbo].[AspNetUserLogins]  WITH CHECK ADD  CONSTRAINT [FK_dbo.AspNetUserLogins_dbo.AspNetUsers_UserId] FOREIGN KEY([UserId])
REFERENCES [dbo].[AspNetUsers] ([Id])
ON DELETE CASCADE
GO
ALTER TABLE [dbo].[AspNetUserLogins] CHECK CONSTRAINT [FK_dbo.AspNetUserLogins_dbo.AspNetUsers_UserId]
GO
ALTER TABLE [dbo].[AspNetUserRoles]  WITH CHECK ADD  CONSTRAINT [FK_dbo.AspNetUserRoles_dbo.AspNetRoles_RoleId] FOREIGN KEY([RoleId])
REFERENCES [dbo].[AspNetRoles] ([Id])
ON DELETE CASCADE
GO
ALTER TABLE [dbo].[AspNetUserRoles] CHECK CONSTRAINT [FK_dbo.AspNetUserRoles_dbo.AspNetRoles_RoleId]
GO
ALTER TABLE [dbo].[AspNetUserRoles]  WITH CHECK ADD  CONSTRAINT [FK_dbo.AspNetUserRoles_dbo.AspNetUsers_UserId] FOREIGN KEY([UserId])
REFERENCES [dbo].[AspNetUsers] ([Id])
ON DELETE CASCADE
GO
ALTER TABLE [dbo].[AspNetUserRoles] CHECK CONSTRAINT [FK_dbo.AspNetUserRoles_dbo.AspNetUsers_UserId]
GO
ALTER TABLE [dbo].[City]  WITH CHECK ADD  CONSTRAINT [FK_dbo.City_dbo.Country_CountryId] FOREIGN KEY([CountryId])
REFERENCES [dbo].[Country] ([Id])
GO
ALTER TABLE [dbo].[City] CHECK CONSTRAINT [FK_dbo.City_dbo.Country_CountryId]
GO
ALTER TABLE [dbo].[Judge]  WITH CHECK ADD  CONSTRAINT [FK_dbo.Judge_dbo.City_CityId] FOREIGN KEY([CityId])
REFERENCES [dbo].[City] ([Id])
GO
ALTER TABLE [dbo].[Judge] CHECK CONSTRAINT [FK_dbo.Judge_dbo.City_CityId]
GO
ALTER TABLE [dbo].[Match]  WITH CHECK ADD  CONSTRAINT [FK_dbo.Match_dbo.GamePlace_GamePlaceId] FOREIGN KEY([GamePlaceId])
REFERENCES [dbo].[GamePlace] ([Id])
GO
ALTER TABLE [dbo].[Match] CHECK CONSTRAINT [FK_dbo.Match_dbo.GamePlace_GamePlaceId]
GO
ALTER TABLE [dbo].[Match]  WITH CHECK ADD  CONSTRAINT [FK_dbo.Match_dbo.Judge_JudgeId] FOREIGN KEY([JudgeId])
REFERENCES [dbo].[Judge] ([Id])
GO
ALTER TABLE [dbo].[Match] CHECK CONSTRAINT [FK_dbo.Match_dbo.Judge_JudgeId]
GO
ALTER TABLE [dbo].[Match]  WITH CHECK ADD  CONSTRAINT [FK_dbo.Match_dbo.Team_TeamWinnerId] FOREIGN KEY([TeamWinnerId])
REFERENCES [dbo].[Team] ([Id])
GO
ALTER TABLE [dbo].[Match] CHECK CONSTRAINT [FK_dbo.Match_dbo.Team_TeamWinnerId]
GO
ALTER TABLE [dbo].[Match]  WITH CHECK ADD  CONSTRAINT [FK_dbo.Match_dbo.Tournament_TournamentId] FOREIGN KEY([TournamentId])
REFERENCES [dbo].[Tournament] ([Id])
GO
ALTER TABLE [dbo].[Match] CHECK CONSTRAINT [FK_dbo.Match_dbo.Tournament_TournamentId]
GO
ALTER TABLE [dbo].[Match]  WITH CHECK ADD  CONSTRAINT [FK_dbo.Match_dbo.Weather_WeatherId] FOREIGN KEY([WeatherId])
REFERENCES [dbo].[Weather] ([Id])
GO
ALTER TABLE [dbo].[Match] CHECK CONSTRAINT [FK_dbo.Match_dbo.Weather_WeatherId]
GO
ALTER TABLE [dbo].[MatchTeams]  WITH CHECK ADD  CONSTRAINT [FK_dbo.MatchTeams_dbo.Match_MatchId] FOREIGN KEY([MatchId])
REFERENCES [dbo].[Match] ([Id])
GO
ALTER TABLE [dbo].[MatchTeams] CHECK CONSTRAINT [FK_dbo.MatchTeams_dbo.Match_MatchId]
GO
ALTER TABLE [dbo].[MatchTeams]  WITH CHECK ADD  CONSTRAINT [FK_dbo.MatchTeams_dbo.Team_TeamId] FOREIGN KEY([TeamId])
REFERENCES [dbo].[Team] ([Id])
GO
ALTER TABLE [dbo].[MatchTeams] CHECK CONSTRAINT [FK_dbo.MatchTeams_dbo.Team_TeamId]
GO
ALTER TABLE [dbo].[NewsItem]  WITH CHECK ADD  CONSTRAINT [FK_dbo.NewsItem_dbo.Category_CategoryId] FOREIGN KEY([CategoryId])
REFERENCES [dbo].[Category] ([Id])
GO
ALTER TABLE [dbo].[NewsItem] CHECK CONSTRAINT [FK_dbo.NewsItem_dbo.Category_CategoryId]
GO
ALTER TABLE [dbo].[NewsSlide]  WITH CHECK ADD  CONSTRAINT [FK_dbo.NewsSlide_dbo.NewsItem_Id] FOREIGN KEY([Id])
REFERENCES [dbo].[NewsItem] ([Id])
ON DELETE CASCADE
GO
ALTER TABLE [dbo].[NewsSlide] CHECK CONSTRAINT [FK_dbo.NewsSlide_dbo.NewsItem_Id]
GO
ALTER TABLE [dbo].[Player]  WITH CHECK ADD  CONSTRAINT [FK_dbo.Player_dbo.City_CityId] FOREIGN KEY([CityId])
REFERENCES [dbo].[City] ([Id])
GO
ALTER TABLE [dbo].[Player] CHECK CONSTRAINT [FK_dbo.Player_dbo.City_CityId]
GO
ALTER TABLE [dbo].[Player]  WITH CHECK ADD  CONSTRAINT [FK_dbo.Player_dbo.Position_PositionId] FOREIGN KEY([PositionId])
REFERENCES [dbo].[Position] ([Id])
GO
ALTER TABLE [dbo].[Player] CHECK CONSTRAINT [FK_dbo.Player_dbo.Position_PositionId]
GO
ALTER TABLE [dbo].[Player]  WITH CHECK ADD  CONSTRAINT [FK_dbo.Player_dbo.Team_TeamId] FOREIGN KEY([TeamId])
REFERENCES [dbo].[Team] ([Id])
GO
ALTER TABLE [dbo].[Player] CHECK CONSTRAINT [FK_dbo.Player_dbo.Team_TeamId]
GO
ALTER TABLE [dbo].[Team]  WITH CHECK ADD  CONSTRAINT [FK_dbo.Team_dbo.City_CityId] FOREIGN KEY([CityId])
REFERENCES [dbo].[City] ([Id])
GO
ALTER TABLE [dbo].[Team] CHECK CONSTRAINT [FK_dbo.Team_dbo.City_CityId]
GO
ALTER TABLE [dbo].[TeamStats]  WITH CHECK ADD  CONSTRAINT [FK_dbo.TeamStats_dbo.Team_TeamId] FOREIGN KEY([TeamId])
REFERENCES [dbo].[Team] ([Id])
GO
ALTER TABLE [dbo].[TeamStats] CHECK CONSTRAINT [FK_dbo.TeamStats_dbo.Team_TeamId]
GO
ALTER TABLE [dbo].[Tournament]  WITH CHECK ADD  CONSTRAINT [FK_dbo.Tournament_dbo.Judge_JudgeId] FOREIGN KEY([JudgeId])
REFERENCES [dbo].[Judge] ([Id])
GO
ALTER TABLE [dbo].[Tournament] CHECK CONSTRAINT [FK_dbo.Tournament_dbo.Judge_JudgeId]
GO
ALTER TABLE [dbo].[TournamentTeams]  WITH CHECK ADD  CONSTRAINT [FK_dbo.TournamentTeams_dbo.Team_TeamId] FOREIGN KEY([TeamId])
REFERENCES [dbo].[Team] ([Id])
GO
ALTER TABLE [dbo].[TournamentTeams] CHECK CONSTRAINT [FK_dbo.TournamentTeams_dbo.Team_TeamId]
GO
ALTER TABLE [dbo].[TournamentTeams]  WITH CHECK ADD  CONSTRAINT [FK_dbo.TournamentTeams_dbo.Tournament_TournamentId] FOREIGN KEY([TournamentId])
REFERENCES [dbo].[Tournament] ([Id])
GO
ALTER TABLE [dbo].[TournamentTeams] CHECK CONSTRAINT [FK_dbo.TournamentTeams_dbo.Tournament_TournamentId]
GO
ALTER TABLE [dbo].[VideoSlide]  WITH CHECK ADD  CONSTRAINT [FK_dbo.VideoSlide_dbo.VideoCategory_VideoCategoryId] FOREIGN KEY([VideoCategoryId])
REFERENCES [dbo].[VideoCategory] ([Id])
GO
ALTER TABLE [dbo].[VideoSlide] CHECK CONSTRAINT [FK_dbo.VideoSlide_dbo.VideoCategory_VideoCategoryId]
GO
ALTER TABLE [dbo].[WidgetNextMatch]  WITH CHECK ADD  CONSTRAINT [FK_dbo.WidgetNextMatch_dbo.Match_Id] FOREIGN KEY([Id])
REFERENCES [dbo].[Match] ([Id])
ON DELETE CASCADE
GO
ALTER TABLE [dbo].[WidgetNextMatch] CHECK CONSTRAINT [FK_dbo.WidgetNextMatch_dbo.Match_Id]
GO
USE [master]
GO
ALTER DATABASE [BaseballDB-dev] SET  READ_WRITE 
GO
